,date,segment_37_SRI,segment_27_SRI,segment_55_SRI,segment_45_SRI,segment_2_SRI,segment_73_SRI,segment_63_SRI,segment_11_SRI,segment_87_SRI,segment_62_SRI,segment_72_SRI,segment_3_SRI,segment_10_SRI,segment_86_SRI,segment_19_SRI,segment_26_SRI,segment_36_SRI,segment_44_SRI,segment_54_SRI,segment_12_SRI,segment_1_SRI,segment_70_SRI,segment_60_SRI,segment_84_SRI,segment_69_SRI,segment_8_SRI,segment_79_SRI,segment_56_SRI,segment_46_SRI,segment_34_SRI,segment_24_SRI,segment_78_SRI,segment_9_SRI,segment_68_SRI,segment_47_SRI,segment_57_SRI,segment_25_SRI,segment_35_SRI,segment_13_SRI,segment_61_SRI,segment_71_SRI,segment_85_SRI,segment_90_SRI,segment_80_SRI,segment_29_SRI,segment_39_SRI,segment_16_SRI,segment_74_SRI,segment_5_SRI,segment_64_SRI,segment_52_SRI,segment_42_SRI,segment_89_SRI,segment_30_SRI,segment_20_SRI,segment_43_SRI,segment_53_SRI,segment_21_SRI,segment_31_SRI,segment_88_SRI,segment_38_SRI,segment_28_SRI,segment_81_SRI,segment_91_SRI,segment_17_SRI,segment_65_SRI,segment_4_SRI,segment_75_SRI,segment_33_SRI,segment_23_SRI,segment_51_SRI,segment_41_SRI,segment_48_SRI,segment_83_SRI,segment_77_SRI,segment_6_SRI,segment_67_SRI,segment_15_SRI,segment_59_SRI,segment_49_SRI,segment_82_SRI,segment_92_SRI,segment_66_SRI,segment_7_SRI,segment_76_SRI,segment_14_SRI,segment_22_SRI,segment_32_SRI,segment_40_SRI,segment_50_SRI,18th,35-Bronzeville-IIT,35th/Archer,43rd,47th-Dan Ryan,47th-South Elevated,51st,54th/Cermak,63rd-Dan Ryan,69th,79th,87th,95th/Dan Ryan,Adams/Wabash,Addison-Brown,Addison-North Main,Addison-O'Hare,Argyle,Armitage,Ashland-Lake,Ashland-Orange,Ashland/63rd,Austin-Forest Park,Austin-Lake,Belmont-North Main,Belmont-O'Hare,Berwyn,Bryn Mawr,California-Cermak,California-Lake,California/Milwaukee,Central Park,Central-Evanston,Central-Lake,Cermak-Chinatown,Cermak-McCormick Place,Chicago/Franklin,Chicago/Milwaukee,Chicago/State,Cicero-Cermak,Cicero-Forest Park,Cicero-Lake,Clark/Division,Clark/Lake,Clinton-Forest Park,Clinton-Lake,Conservatory,Cumberland,Damen-Brown,Damen-Cermak,Damen/Milwaukee,Davis,Dempster,Dempster-Skokie,Diversey,Division/Milwaukee,East 63rd-Cottage Grove,Forest Park,Foster,Francisco,Fullerton,Garfield-Dan Ryan,Garfield-South Elevated,Grand/Milwaukee,Grand/State,Granville,Halsted-Orange,Halsted/63rd,Harlem-Forest Park,Harlem-Lake,Harlem-O'Hare,Harrison,Howard,Indiana,Irving Park-Brown,Irving Park-O'Hare,Jackson/Dearborn,Jackson/State,Jarvis,Jefferson Park,Kedzie-Brown,Kedzie-Cermak,Kedzie-Homan-Forest Park,Kedzie-Lake,Kedzie-Midway,Kimball,King Drive,Kostner,LaSalle,LaSalle/Van Buren,Lake/State,Laramie,Lawrence,Library,Linden,Logan Square,Loyola,Main,Medical Center,Merchandise Mart,Midway Airport,Monroe/Dearborn,Monroe/State,Montrose-Brown,Montrose-O'Hare,Morgan-Lake,Morse,North/Clybourn,Noyes,O'Hare Airport,Oak Park-Forest Park,Oak Park-Lake,Oakton-Skokie,Paulina,Polk,Pulaski-Cermak,Pulaski-Forest Park,Pulaski-Lake,Pulaski-Orange,Quincy/Wells,Racine,Randolph/Wabash,Ridgeland,Rockwell,Roosevelt,Rosemont,Sedgwick,Sheridan,South Boulevard,Southport,Sox-35th-Dan Ryan,State/Lake,Thorndale,UIC-Halsted,Washington/Dearborn,Washington/Wabash,Washington/Wells,Wellington,Western-Brown,Western-Cermak,Western-Forest Park,Western-Orange,Western/Milwaukee,Wilson
0,2018-04-09,-0.2649317520740313,1.597753504621231,1.8232978997314888,1.3590049948638372,0.5917584302960344,1.3400356899406165,0.1391126782749108,1.3088662023847208,2.8941613947739957,0.8208167959999435,2.832533691398252,1.5681127697709174,-0.5010625984011541,4.373684846893924,0.5028303648027643,-0.2269644697009876,2.270121258515326,0.0947800062627424,4.977868867614347,0.0090307400587896,0.8341658359707349,0.4923283154766844,1.2517666716655118,2.832386363636359,1.243451815482116,0.583333333333339,2.506085640824083,0.5959302325581484,3.2292088203716727,0.7741248292608638,2.895903364148998,7.017131700993367,1.2010207200823142,2.818741700039129,2.676164895789449,2.624109633001717,3.4214914543427333,0.5133244441290863,0.4927596548848889,0.5540205488240679,0.46715037051824,3.336365028050676,2.341033569280829,2.2843496092092828,2.790992912953698,1.3577142445263055,1.4194602715153748,0.9077346488636828,0.5638704377778503,0.0,4.354372006538841,1.2361599828054015,1.4808120871711727,0.1003120820329939,0.0167667123164916,1.669708601921952,3.477368565552593,2.018940306376641,1.5588107731785672,3.877817991540573,-1.0528744413988922,4.26041582177522,0.0581961688514531,-0.3187130043278796,3.3300638950024064,-0.5798966279354967,3.3496050562440907,1.8600905751723016,1.927597562956872,1.5810692111921063,4.680966320955796,0.3750656859376322,3.288344178727016,0.0791685114741935,6.590909090909095,-0.0512556716260492,0.2310146256380296,1.4194602715153748,1.0721120483792324,3.677011673962896,1.033752440994602,-0.282197151852066,0.8438414156330265,-1.315875031983198,0.4989210345701755,5.158983785822022,0.4054054054054068,0.1564971059483799,-0.1244293129963991,0.8177185690185929,1643.0,1546.0,2917.0,928.0,2642.0,981.0,887.0,1881.0,2837.0,4397.0,6277.0,3679.0,9384.0,7666.0,2475.0,9608.0,2899.0,2848.0,4375.0,2271.0,1518.0,1047.0,1878.0,1728.0,11193.0,5410.0,3295.0,4334.0,1265.0,939.0,5376.0,1131.0,725.0,1838.0,3446.0,1293.0,6857.0,4245.0,12782.0,1018.0,1119.0,1128.0,7303.0,20022.0,3607.0,4475.0,803.0,4349.0,2837.0,1427.0,6034.0,3554.0,779.0,2092.0,5448.0,6147.0,1003.0,3273.0,836.0,1577.0,12622.0,2757.0,1136.0,2685.0,10110.0,3906.0,2640.0,611.0,1088.0,3419.0,2860.0,4204.0,5243.0,755.0,3185.0,4115.0,7376.0,10699.0,1478.0,6453.0,1955.0,909.0,1909.0,1352.0,3213.0,3759.0,444.0,478.0,3196.0,3177.0,20157.0,1042.0,2917.0,3607.0,891.0,7087.0,5040.0,1087.0,2141.0,8731.0,8375.0,8252.0,10437.0,2668.0,2508.0,2760.0,4451.0,5261.0,930.0,10397.0,1802.0,1514.0,964.0,2658.0,3298.0,992.0,1417.0,1246.0,4844.0,8046.0,2471.0,0.0,1295.0,1818.0,9880.0,6053.0,3561.0,4780.0,755.0,3529.0,4312.0,11285.0,3122.0,6808.0,12423.0,9117.0,8074.0,3038.0,3937.0,1063.0,1493.0,3549.0,5267.0,6436.0
1,2018-04-10,2.207615480171892,0.0560577724584121,1.3353040530519178,1.0283327716125024,0.2195477746124918,-0.7266793590513299,0.0991874667734316,1.5482467740233596,1.114137771049869,0.9766403120005074,3.223389302106181,2.8943262033883976,2.676741446651283,1.6562787327855433,0.5351962536128574,2.835643542928468,0.429868746485107,0.4238620375407786,7.969619333268484,-0.0048627061854977,3.0540838444040688,0.6631299398010071,0.7943358413643853,2.9891044439431527,1.9734329245002744,1.8380446323430044,0.6075779992750241,0.697756169811693,-0.1497584183616873,0.1779399061279396,2.225379669061768,-0.9160589676033792,1.647251137754443,0.0801974787084502,2.3250747485056777,-1.1995183002881538,0.8122111341295424,0.5278236034981298,1.5280338316045972,0.7601628212789047,0.7340278444891801,0.5176993939612196,-1.11613194485088,0.1869428151457874,2.695300165505868,-0.3770292842230183,0.4076271124895791,2.619047619047621,0.5269766453322,0.0315794492678978,2.106141915584457,1.6632176902725715,2.602477126297216,0.4546979076896529,1.3532871385155,2.547655224261441,0.4972480057701733,1.9883040935672516,1.5686902460949836,5.037228665109604,1.906413758257145,2.6743793445590223,1.5837579797731338,2.700817618684972,-1.1202711925631736,-0.2036443672179944,2.389511391573019,0.968240838623764,0.7167938621096381,0.9607832547997408,0.3160799451892837,0.6233578515592253,2.234281384671928,0.3818674523755472,2.515565080081208,0.5480138671894941,0.4538543540492368,0.4076271124895791,0.7984936405738563,-0.8386074629977025,0.9486608344577352,0.9302325581395388,-0.0924867005942564,0.9207948509331144,1.6132897744713937,-0.2264822450899273,4.475344078569879,-0.1670856401207276,0.0697966112690962,1.169016235345468,1714.0,1721.0,3126.0,1048.0,2731.0,1107.0,987.0,2075.0,2848.0,4768.0,6369.0,3945.0,9635.0,7979.0,2492.0,12581.0,2971.0,3057.0,4142.0,2379.0,1532.0,1077.0,2048.0,1851.0,12378.0,5575.0,3358.0,4715.0,1302.0,990.0,5767.0,1166.0,794.0,1880.0,3706.0,1273.0,7260.0,4310.0,14548.0,1185.0,1269.0,1250.0,7588.0,21106.0,3623.0,4500.0,926.0,4655.0,2883.0,1526.0,6318.0,3930.0,859.0,2366.0,5659.0,6149.0,994.0,3408.0,917.0,1685.0,13948.0,2884.0,1239.0,2744.0,10806.0,4035.0,2767.0,631.0,1341.0,3728.0,2904.0,4038.0,5690.0,815.0,3387.0,4558.0,7708.0,11416.0,1600.0,6806.0,2018.0,1015.0,2019.0,1428.0,3339.0,3951.0,482.0,498.0,3181.0,3171.0,21610.0,1093.0,3180.0,3734.0,1096.0,7403.0,5195.0,1216.0,2118.0,9103.0,8385.0,8431.0,11085.0,2941.0,2711.0,3163.0,4541.0,5447.0,1020.0,9615.0,1941.0,1624.0,1084.0,2889.0,3492.0,996.0,1520.0,1345.0,5032.0,8188.0,2024.0,0.0,1429.0,1913.0,10429.0,6482.0,3809.0,5171.0,806.0,3740.0,4438.0,12745.0,2976.0,7105.0,13068.0,9422.0,8303.0,3243.0,4113.0,1157.0,1579.0,3713.0,5404.0,6789.0
2,2018-04-11,0.6002884065540404,2.1195772343342343,-0.1726427004367625,1.3500165409268303,3.069160074745889,1.1123002588805375,-0.0627120757664201,0.6135328486284297,1.509529804009856,2.557459871987038,4.754433773748255,3.084679758648252,-0.6906391454659988,0.8335281708305342,0.7274427805683026,3.410399769218081,0.6583777925450685,3.934432826947921,-2.373955845456688,-0.5461371757045508,2.6889536547925186,1.369535881430205,0.4146082146130114,-0.5869219490187216,-0.41534043486257,1.2081842049381308,2.302791805708692,0.3251630215246193,4.472774896227184,1.847399839231124,0.1681040992209492,4.619326712109645,1.3107582428291464,0.9132533900740258,0.5570974687666075,6.599716141241235,3.218154576088485,0.4481361250559268,-1.558497259601157,0.7384357437193978,2.044517908392389,0.5994186233975707,5.472667377229405,-0.9710068249472448,2.1851306532554906,3.429834120126214,-0.0867311128403902,-0.2113927291346606,0.5382783065796992,0.0770528567981188,-1.7398460376384817,0.2476141255167485,2.7091407658418487,3.1050078324735697,0.4144552924141886,-0.0070923663290933,-0.4791303526502433,1.055825944790293,0.4065621026878196,3.23430405663784,2.1668064885129104,-0.3515696157121173,0.7485617383967735,-1.1321925831315616,1.771309896226687,2.1282547708077217,1.8537252172574503,-0.2104069691254961,0.5623986163801276,-0.0113570783518812,-0.7279015335879802,1.8905555846609745,2.169852728814142,-0.3871543995522253,-3.180915858335218,4.864381848073603,0.1864801585807152,-0.0867311128403902,0.1676598676360718,0.1486466676081188,0.0843591857989844,0.285488038676337,-1.1004601504253153,4.938455476617146,-0.1455377663829904,1.5623223089897686,-1.002888993211568,1.7108122977740958,0.5027951082901705,1.22271792665118,1763.0,1805.0,3225.0,1096.0,3009.0,1155.0,1007.0,2122.0,3066.0,4871.0,6775.0,4059.0,10332.0,8207.0,2678.0,12883.0,3125.0,3126.0,4717.0,2725.0,1611.0,1139.0,2032.0,1870.0,12221.0,5749.0,3387.0,4672.0,1339.0,1039.0,5877.0,1198.0,812.0,2015.0,3978.0,1433.0,7544.0,4439.0,14372.0,1201.0,1324.0,1275.0,8137.0,21344.0,3699.0,4449.0,934.0,4747.0,2963.0,1510.0,6403.0,3851.0,809.0,2273.0,5835.0,6404.0,1083.0,3579.0,948.0,1666.0,13811.0,3194.0,1326.0,2751.0,11076.0,4187.0,2856.0,663.0,1311.0,3746.0,3095.0,4834.0,5629.0,813.0,3451.0,4568.0,7872.0,11163.0,1641.0,6874.0,2177.0,1066.0,2122.0,1598.0,3622.0,4249.0,513.0,492.0,3287.0,3178.0,21494.0,1194.0,3197.0,3935.0,997.0,7404.0,5677.0,1175.0,2537.0,8738.0,8988.0,8482.0,11080.0,2858.0,2826.0,3207.0,4686.0,5886.0,1125.0,10221.0,1968.0,1634.0,1079.0,2918.0,3449.0,1060.0,1615.0,1409.0,5512.0,8156.0,2507.0,0.0,1436.0,1913.0,10643.0,6610.0,3933.0,5385.0,843.0,3865.0,5078.0,12788.0,3332.0,7308.0,12863.0,10217.0,8474.0,3255.0,4326.0,1228.0,1727.0,3912.0,5530.0,7075.0
3,2018-04-12,-0.0010100799959178,-0.8539411374064043,-0.376558649354477,1.3313477516861238,2.4502882019181103,2.833539154427505,-0.0675278775030663,1.5068982800464337,-0.7420665769823542,1.12153052771359,1.8767296009431989,0.9570391132045952,4.44628945509144,0.6323366587418899,0.3382403909467346,1.9964886314224997,0.1843337235236719,1.735262789152039,-2.5307187030979605,1.1407829379711965,2.0159796254654783,0.0649213640908619,0.9121600199780144,0.6608391608391606,-0.3839275577275836,3.55834829443447,-0.2906008817606942,0.262497515404495,-1.1919571347451985,0.6892673750085632,-0.3216264033198435,1.542684028349356,1.1592574525620758,0.6850644994679278,0.7160536688934582,3.301430928253426,4.863053137845535,0.4080525809899782,1.3620667325386993,0.9889357677020738,0.9124648119706524,4.057968404338027,0.8312677280044956,2.1133805942006525,-0.2443075738296896,-0.1528056869030991,0.5092162851467785,1.9910934197224528,2.1088031462073764,0.0090363822656214,-0.984687127790207,1.531706041140205,0.2284737081908616,-0.0201910216399725,1.826185082319012,0.0131715374683172,-0.0505443221996415,2.553403244348356,-0.4937690003519468,0.8745974297799208,3.9931268574654855,-1.1768999918890355,1.577287107570139,3.620099544672404,2.93288049362745,2.0112326783001437,2.299145041663402,-0.4746834968124114,1.3178632562712431,1.0175974654844966,2.286882737796031,0.2075884386752002,1.5718863102423253,1.3521454132497612,1.3148310023310006,0.3086419753086389,2.1346955676151493,0.5092162851467785,0.2941595151204523,3.5639722743381306,-0.0892173938304496,-0.4940503288215203,2.1986373574683595,3.664446522652828,-0.2411441361784194,-0.5736079688285534,4.436128436128434,0.9400653535606308,1.7908386558638434,1.0684011895859136,1810.0,1733.0,3334.0,1058.0,3018.0,1174.0,989.0,2210.0,3131.0,5082.0,6901.0,4121.0,10326.0,8411.0,2731.0,11968.0,3272.0,3176.0,4725.0,2459.0,1662.0,1159.0,2086.0,1885.0,12905.0,5684.0,3351.0,4716.0,1403.0,1047.0,5943.0,1207.0,757.0,1986.0,4067.0,1503.0,7440.0,4502.0,14922.0,1204.0,1308.0,1294.0,8110.0,21591.0,3725.0,4455.0,1035.0,4765.0,3040.0,1505.0,6876.0,4004.0,865.0,2158.0,5885.0,6595.0,1104.0,3588.0,868.0,1699.0,14034.0,3279.0,1349.0,3014.0,11140.0,4203.0,2836.0,699.0,1337.0,3834.0,3040.0,4651.0,5693.0,843.0,3436.0,4564.0,7873.0,10648.0,1624.0,6885.0,2141.0,993.0,2133.0,1596.0,3634.0,4231.0,518.0,509.0,3306.0,3040.0,21400.0,1151.0,3255.0,3960.0,1026.0,7715.0,5521.0,1155.0,2171.0,8655.0,9135.0,8883.0,10953.0,2923.0,2732.0,3145.0,4762.0,5780.0,1018.0,11322.0,2007.0,1654.0,1061.0,2905.0,3552.0,1039.0,1759.0,1455.0,5655.0,7946.0,2695.0,0.0,1733.0,1960.0,10974.0,6780.0,3881.0,5302.0,794.0,3799.0,4359.0,13048.0,3289.0,7150.0,13285.0,10283.0,8159.0,3268.0,4340.0,1202.0,1732.0,3973.0,5667.0,7055.0
4,2018-04-13,-0.2256436454655919,3.205349316878076,1.3081504947217382,-0.8843864149928216,-0.2970750018196755,-0.7388526556123898,1.9906120580455844,-0.1777988815025799,1.066468439834043,1.6186931776973057,2.136190211072724,-0.1778800106198863,-0.9136609101482928,2.275037236009556,-0.0592020826484218,5.291134159340013,3.1349290113569825,-0.8715648343664295,-1.064139285453034,4.180010838140673,-0.472781344058879,0.0,0.4920768507361417,3.074009324009326,2.068315855185098,0.0487731897067666,-0.8677596052334224,0.1397584973166432,-2.0188213269146726,-0.4057300727035828,1.575112066556943,-1.7058459785375568,0.7293842597704925,1.7012871348078884,-2.5737448413127573,-0.3398654483016439,6.281016492203237,0.218512309872535,3.2291022437721195,0.8009639358141252,3.535709484370606,-0.0774432907995592,-1.715517167948628,2.118222894934308,2.226194235274406,1.8447800093346625,0.4484540113418334,-0.4123584524794199,0.4777597108804532,0.030497790146472,0.1814326144489186,0.650901832388866,1.90512801493126,2.145971226722457,1.1480718280836033,0.1045320199677157,1.3083140630989276,2.52115203227258,1.2080783769825454,-1.4715693542057262,-0.3854088686544266,0.5533475725705428,-0.224637533305585,-1.1549713121172367,1.74367555704234,-0.5258029962376431,-1.8849451416796703,0.4963721363272366,0.4431210736657309,4.787576669844822,-0.2508411853219172,0.1238798683842057,-2.1398424798021054,-1.4961590176653572,2.5582750582750577,-0.1120212092434358,0.7109532173123367,0.4484540113418334,0.5897675061031515,1.1365176151761525,3.1718745574644283,-0.6451965555491435,1.802009934157327,3.85025551691911,2.3879143505493783,1.6899195575666135,3.649543774543782,3.089073956730334,0.3345726636662516,0.4069635993669507,1688.0,1677.0,2939.0,957.0,2685.0,1060.0,900.0,1968.0,2758.0,4579.0,6353.0,3697.0,9175.0,6885.0,2136.0,11925.0,2857.0,3079.0,3806.0,2119.0,1458.0,1021.0,1848.0,1748.0,11981.0,5505.0,3153.0,4489.0,1331.0,931.0,5619.0,1087.0,763.0,1885.0,4040.0,1256.0,6777.0,4049.0,14548.0,1143.0,1223.0,1171.0,7369.0,20571.0,3492.0,4130.0,804.0,4330.0,2702.0,1461.0,6556.0,3926.0,881.0,1959.0,5445.0,6325.0,1011.0,3307.0,836.0,1587.0,11090.0,3270.0,1236.0,2842.0,12280.0,4194.0,2552.0,536.0,1280.0,3664.0,2680.0,3731.0,5268.0,700.0,3058.0,4256.0,6841.0,8330.0,1548.0,6578.0,1939.0,981.0,1874.0,1242.0,3249.0,3685.0,483.0,428.0,3060.0,2752.0,21580.0,1010.0,3002.0,3182.0,959.0,7482.0,5673.0,1218.0,1689.0,7754.0,8803.0,8277.0,10402.0,2704.0,2476.0,3010.0,4503.0,5309.0,1022.0,12541.0,1760.0,1536.0,926.0,2599.0,3197.0,984.0,1560.0,1282.0,4540.0,7204.0,1979.0,0.0,1279.0,1824.0,10679.0,6293.0,3489.0,4868.0,800.0,3500.0,3901.0,11617.0,2738.0,6840.0,13021.0,9806.0,7688.0,3018.0,3882.0,1116.0,1452.0,3483.0,5251.0,5717.0
5,2018-04-14,3.1602779810323103,3.069564024324557,2.69731397359032,2.4192675602101765,1.4993085233594317,3.0913738229980723,0.7236405273371227,3.7918777039147455,1.657242804068212,-0.3605062344970067,1.3794232753115376,-0.5369148102978438,2.3964088258610525,3.616830581521204,0.0758117810052494,0.1245975036012514,2.102596285284506,1.6270137314857902,3.981043435060436,1.8398967688760517,1.7587241987809032,5.576937848786317,0.7271100971823641,1.9864510489510532,3.78089674247846,2.5906642728904883,2.839910494603032,2.369186046511632,4.2270919573529255,0.2686866341468574,-0.3003947835915643,0.5506253729211841,1.238469811434505,2.581159395012822,6.354400663431914,3.1924612561466925,-1.3240360132470186,0.2942520421189287,3.0760880162865964,0.4122079996499705,1.3345989481274467,2.330652834934729,2.7904837349551483,0.1173352435301067,2.083415151207828,0.7972881437597756,4.189400096090521,2.7240248401538727,0.6458967185554476,0.0519591980273215,5.121598374880996,2.128053180846927,1.2720493905379804,0.0907524263520698,-0.1718268037014714,1.2443317396840914,2.395272798487179,2.895458525000123,0.5644950880300548,0.774647887323946,1.2483239531381651,4.250592550535776,-0.419915384444085,1.2718272331079197,2.238496149152321,-0.8935120563393362,1.5790520144842823,1.671272772533623,2.009423536299103,-0.4918506617818208,4.985945334053101,2.755149982390038,4.326422451721403,3.1849037323693565,2.4997571872571864,0.2126464070908462,1.5406315808786752,4.189400096090521,0.7847437517461686,1.9810558682509936,4.222150907980304,1.5933411771746364,3.1733419916393224,-0.0168133428686423,3.779388153433621,1.790865384615391,0.058500808500812,0.0415337674854487,1.915812247684049,2.241430285744105,1051.0,862.0,1336.0,456.0,1879.0,569.0,534.0,991.0,1907.0,3225.0,4138.0,2485.0,5647.0,2941.0,937.0,9385.0,1208.0,2129.0,1773.0,1028.0,784.0,619.0,665.0,865.0,7837.0,2880.0,2018.0,2955.0,658.0,440.0,2753.0,639.0,298.0,1052.0,3489.0,1043.0,2636.0,1687.0,9787.0,702.0,800.0,711.0,5541.0,5221.0,1089.0,1141.0,661.0,1549.0,1280.0,822.0,3807.0,2229.0,641.0,1026.0,2438.0,2706.0,564.0,1376.0,485.0,742.0,6653.0,2338.0,627.0,1353.0,9309.0,2854.0,1010.0,321.0,551.0,1869.0,1069.0,3163.0,3349.0,365.0,1369.0,2134.0,2314.0,3672.0,1076.0,3195.0,1212.0,585.0,1183.0,794.0,1511.0,2259.0,281.0,231.0,1162.0,481.0,11423.0,649.0,2064.0,1634.0,411.0,3544.0,3815.0,718.0,723.0,1763.0,3675.0,2103.0,4119.0,1476.0,1105.0,1801.0,2989.0,4208.0,465.0,8719.0,491.0,576.0,343.0,1351.0,679.0,553.0,1118.0,806.0,1969.0,1359.0,959.0,0.0,359.0,820.0,7194.0,3241.0,1715.0,2813.0,362.0,1804.0,2151.0,5582.0,1887.0,1999.0,5304.0,4147.0,1112.0,1135.0,2259.0,602.0,842.0,1696.0,2347.0,3964.0
6,2018-04-15,1.585354647725956,5.065522781880629,3.144046327288778,2.4716134528328624,2.4331659231993017,2.0036682186098584,0.3512636488736353,4.444444444444447,1.8708452614948976,2.236953885424233,3.4389788599780635,0.5573077487538536,3.066694097717273,2.150475534198746,1.6040547308043318,1.134689231513888,2.1165687971332634,2.1323514823364578,6.306761772387777,1.1411874241033892,3.4018308688883145,3.8873562737463594,0.4484012418036198,3.4090909090909074,2.400852421700781,2.7407241172950303,3.4096884751087364,1.0465116279069808,5.139346156786835,2.6044144499923028,2.3180192430010216,5.833584692021868,1.737216656896993,2.74626936762154,4.899429492966256,1.910251447690697,2.36732180598779,1.3563904049154074,1.1465662384984754,0.6800371457386789,1.9128844203090425,3.341843090287472,5.450855629093942,0.3907273977923109,4.565957674324826,1.1792078732071631,0.436387509742917,2.2332713806504123,0.3552263272864175,0.0734206059081699,3.9456671423968217,1.0467208557267793,1.715019471420841,2.978154257690595,1.6929899783696656,0.8324229704144304,2.963088336603934,2.263242300678632,2.323404117480589,3.3782727323694504,0.9426595833043327,5.061237732176172,2.189147452960931,2.0131356742561057,-1.4534486989946949,1.2922449173347197,3.2326342236387804,1.6195524422932583,2.707233402212786,2.797351371235939,4.0613743907560895,1.361977307621166,4.733033918056668,3.0879600225455817,4.361402486402487,1.5781233512714976,1.5356341328375256,0.436387509742917,0.7878784180748344,2.5609756097561,2.7478292323275832,1.14851576141899,2.188199519838656,-0.9327710051905648,3.449772974131621,1.9117647058823573,1.472944097944101,2.2860877853449715,1.381525298343116,3.163011530635321,721.0,568.0,849.0,323.0,1328.0,436.0,447.0,632.0,1442.0,2349.0,3265.0,1942.0,4501.0,1979.0,560.0,4048.0,799.0,1665.0,1155.0,606.0,489.0,456.0,477.0,593.0,5393.0,2086.0,1590.0,2004.0,505.0,418.0,2010.0,453.0,200.0,848.0,2491.0,911.0,1759.0,1310.0,6379.0,514.0,536.0,552.0,3609.0,3911.0,965.0,696.0,506.0,1052.0,761.0,553.0,2679.0,1529.0,470.0,538.0,1555.0,1955.0,413.0,938.0,331.0,440.0,4987.0,1447.0,491.0,1129.0,6255.0,2084.0,696.0,238.0,336.0,1185.0,732.0,1793.0,2605.0,324.0,886.0,1511.0,1702.0,2177.0,816.0,2379.0,906.0,417.0,896.0,540.0,1026.0,1447.0,230.0,161.0,897.0,310.0,6741.0,437.0,1531.0,1109.0,270.0,2651.0,2629.0,469.0,462.0,1154.0,2881.0,1559.0,2555.0,894.0,794.0,1277.0,2192.0,2900.0,372.0,9336.0,344.0,379.0,236.0,843.0,435.0,434.0,878.0,625.0,1235.0,1079.0,686.0,0.0,275.0,509.0,5109.0,2299.0,1432.0,1847.0,224.0,1232.0,1603.0,3881.0,1352.0,1224.0,3508.0,2907.0,731.0,718.0,1457.0,454.0,593.0,1126.0,1574.0,2519.0
7,2018-04-16,-0.0248163894524178,4.693318002918669,3.813679332033689,3.275283431995142,2.700502230402093,-0.8496874346830219,-0.3072309222055169,4.518742745594597,1.5332635759257796,3.796486076417541,1.606379668899116,1.289458895393989,3.822904353881679,1.039572163571807,3.0084666089824577,-0.3515619733022279,0.6565683317731075,3.953126855214761,8.67110709522657,-0.59672769153293,4.329052243838012,-0.0192810028903878,0.2567069565942947,4.536931818181815,-0.3462580403653326,3.0339616995810923,3.585519299750021,0.7122093023255871,6.239730385139969,3.41631643346037,4.008593198679882,9.254282925248347,2.9333283814046096,1.084131423091974,4.461031233346261,0.5241999516976892,2.408993326565599,1.8239400461607904,-1.1417204241615408,0.8004374040721363,0.2764933779286005,3.599762267107318,5.928798371366023,1.0498455466827703,3.3475414717723027,1.2397934572055869,2.3477544219196145,0.4910679821970165,0.4510963502222787,0.0,3.149971367933792,1.0694243366108558,1.2953274484716415,3.611234953187701,3.061652865059968,0.8167293806024789,3.3975135067775506,-0.3202409801730654,2.2878225700404164,4.7524154213204906,0.2318217874491834,2.9951063887311777,4.305547114606682,3.275581350107549,2.391339703422405,2.7105018448674114,4.815867641122349,0.7160677480646471,1.9701092809011045,4.74320763357632,3.743288593180445,0.0937664214844091,5.195713663193555,3.36998090766812,5.681818181818183,2.3561517357813635,0.7560526361653208,2.3477544219196145,0.3176426440169144,3.555060454450701,0.9297140597814711,0.5705160264425069,0.6977325020527014,-0.6673603784784254,0.9329804796913376,3.982513197586732,0.8783783783783794,3.188462132386223,0.8183115150476727,3.503678324840438,1608.0,1548.0,2926.0,954.0,2642.0,1002.0,871.0,1979.0,2722.0,4369.0,6035.0,3693.0,9183.0,7574.0,2469.0,6474.0,2804.0,2862.0,4289.0,2216.0,1511.0,1060.0,1864.0,1646.0,11053.0,5353.0,3224.0,4383.0,1329.0,909.0,5447.0,1110.0,738.0,1839.0,3536.0,1619.0,7055.0,4258.0,12727.0,1012.0,1183.0,1123.0,7403.0,20632.0,3749.0,4403.0,850.0,4291.0,2785.0,1418.0,5973.0,3570.0,776.0,1808.0,5319.0,6233.0,1048.0,3170.0,834.0,1501.0,12475.0,2838.0,1155.0,2560.0,9894.0,3865.0,2608.0,553.0,1078.0,3417.0,2809.0,4178.0,5318.0,785.0,3206.0,4086.0,7421.0,10351.0,1421.0,6518.0,1918.0,969.0,1873.0,1458.0,3228.0,3825.0,485.0,458.0,3173.0,3227.0,19917.0,1054.0,2950.0,3763.0,807.0,7102.0,4996.0,1078.0,2103.0,8797.0,8332.0,8187.0,10235.0,2692.0,2621.0,2770.0,4249.0,5243.0,916.0,10616.0,1808.0,1570.0,902.0,2700.0,3425.0,950.0,1488.0,1283.0,4934.0,8228.0,2460.0,0.0,1372.0,1799.0,9908.0,5886.0,3518.0,4760.0,727.0,3446.0,3809.0,11654.0,3118.0,6789.0,12849.0,9249.0,8178.0,2985.0,3919.0,1098.0,1496.0,3595.0,5303.0,6564.0
8,2018-04-17,1.9675001175502749,-0.7399445271037908,-1.7309592345487723,0.4186078143434435,1.517236266985453,0.9478147950726268,0.148781200160144,-1.0443458185692325,1.354296209670144,-0.6877170821313694,-0.3018035125788376,4.844903324026876,0.0,1.7604697541393544,-0.3539004781928412,3.832423571738421,0.684640261233872,0.1914315044713777,-3.110095349568194,1.963852196487568,0.2186099663230711,0.1515206214339348,0.379727626751376,-0.5336228287841194,-0.0548175812361217,0.3676676125943579,2.6944830731985125,8.17512070383497e-05,-1.956071357222664,-0.5113274688806224,-1.1126898345308756,-1.102488236291299,0.870699427506515,-0.136628805909944,-0.1737381240738655,2.100339770332459,1.5131713764367816,0.1703829847622084,2.481480544381691,1.3351354835243967,1.1153418296684592,0.2543021549045943,2.670953124016825,2.920487525025925,-0.5048540477010754,0.8021785889841448,0.2529114207555449,1.8452380952380956,0.4142025577766284,0.0315794492678978,-1.0554097607537891,1.41311422098075,2.1696796359983077,1.9593791381845271,-1.491934348474293,2.1436124352153776,-1.0998531697306402,3.274853801169595,0.7629403653529376,4.45416371192299,1.2640656438331144,-1.5433187655877934,0.3599449954029821,0.544241006023708,6.317312786878433,1.669351686531351,1.4871959547248526,1.7509932992763666,1.6945633748270097,0.960783254799732,-1.2467162677696364,0.0607593226527758,0.0544305452815874,-1.0699615459453016,2.515565080081208,-0.6248256389833484,0.978892364576528,0.2529114207555449,0.966153508209926,-0.472753804461119,-0.1957613588866902,-0.465116279069766,-1.017843153269644,3.7310250161204896,-0.0747191787775602,0.2146942254983086,3.5969657001915003,-0.0424843376643768,0.0069472227328204,-0.2146600025021405,1782.0,1717.0,3135.0,1055.0,2958.0,1094.0,924.0,2082.0,2938.0,4794.0,6614.0,3933.0,9906.0,8337.0,2676.0,11337.0,3008.0,3137.0,4703.0,2397.0,1636.0,1140.0,2015.0,1872.0,11959.0,5637.0,3368.0,4747.0,1432.0,1049.0,5790.0,1202.0,794.0,2003.0,3988.0,1702.0,7632.0,4409.0,14384.0,1224.0,1307.0,1319.0,7971.0,21504.0,3813.0,4584.0,895.0,4594.0,2858.0,1573.0,6351.0,3913.0,868.0,2046.0,5906.0,6335.0,1053.0,3353.0,872.0,1663.0,13996.0,3051.0,1309.0,2729.0,10776.0,4194.0,2780.0,659.0,1289.0,3697.0,3018.0,4692.0,5557.0,847.0,3311.0,4324.0,7957.0,11503.0,1564.0,6764.0,2013.0,1094.0,1971.0,1519.0,3542.0,4133.0,497.0,475.0,3344.0,3169.0,21419.0,1162.0,3438.0,3963.0,950.0,7405.0,5355.0,1220.0,2237.0,9021.0,8486.0,8500.0,11181.0,2924.0,2659.0,3178.0,4406.0,5677.0,970.0,10287.0,1923.0,1616.0,1010.0,2826.0,3514.0,1091.0,1646.0,1326.0,5282.0,8493.0,2451.0,0.0,1404.0,1859.0,10743.0,6442.0,3820.0,5112.0,758.0,3711.0,4116.0,12659.0,3267.0,7098.0,13310.0,9974.0,8456.0,3183.0,4071.0,1136.0,1673.0,3787.0,5613.0,6862.0
9,2018-04-18,0.12005768131081,2.3849113341882933,2.893620587163928,-0.130744069583728,-0.3372722177331377,3.3020233835041712,0.1852565911671455,1.601187169616087,0.6289488624021888,2.305284509239786,2.455394981562371,1.8307373239520883,1.1624895483694953,-0.1041910213538122,0.9699237074244028,4.905569812433005,1.2528446602922094,2.2144468822343697,-1.402051048716637,-0.3946975678066189,1.172304836284075,0.7300242334713614,1.74135450137464,-1.268740130836905,2.0514507207627752,2.1184175981158635,1.2233581467827392,0.3251630215246193,2.322402349964117,0.4688650892139923,4.019722757212469,-0.6006928111519594,2.206779446961366,1.4553191016200129,0.3786108350109229,0.8999612919874456,0.4921980782269786,0.0906955063200054,0.8932228589685021,0.7384357437193978,2.425831893571667,0.6872177030831217,-2.1015027605060155,0.9689281304515628,1.7677192341415449,0.9534975863911754,0.8415630375638483,-0.0328213005632371,1.2149228319131111,0.0770528567981188,-1.438745877987222,1.998338410559507,4.378502514137654,2.2021990941766454,3.858670776664999,0.2173758498076117,-0.798550587750404,1.6406212664277198,0.1379788091071376,-3.32517666671154,0.4967013910104156,3.0225888724053327,-0.9071852404569558,0.8031966846413607,1.4102621302343787,-0.5546855224008018,1.402567498833368,-0.3910421523530272,-0.925511511668049,4.02915312802795,-0.5716219122920885,0.5778256838792661,-2.3260896274284315,-0.5807315993283368,-3.180915858335218,2.827344811036564,0.4251337997294868,0.8415630375638483,0.3353197352721426,0.758402765169095,-0.8519862451191851,-0.102108860548471,0.9937676108926652,5.0105126603399,0.4814369876809077,0.3858517207544709,0.8214353311127565,0.2571304357833504,0.3142469426813554,0.0018271285503446,1707.0,1574.0,3094.0,1003.0,2760.0,1056.0,923.0,2011.0,2850.0,4559.0,6234.0,3688.0,9529.0,7930.0,2532.0,7041.0,2891.0,3025.0,4481.0,2298.0,1604.0,1095.0,1922.0,1780.0,11363.0,5560.0,3165.0,4605.0,1352.0,913.0,5542.0,1140.0,698.0,1947.0,3416.0,1696.0,7272.0,4281.0,13315.0,1122.0,1325.0,1191.0,7620.0,20996.0,3635.0,4631.0,912.0,4489.0,2750.0,1539.0,6195.0,3667.0,785.0,1824.0,5631.0,6269.0,1011.0,3380.0,880.0,1634.0,12966.0,2932.0,1210.0,2634.0,10559.0,3917.0,2705.0,628.0,1339.0,3608.0,2973.0,4636.0,5370.0,791.0,3330.0,4213.0,7947.0,10863.0,1511.0,6650.0,1912.0,987.0,1892.0,1453.0,3371.0,4002.0,486.0,460.0,3347.0,3176.0,20433.0,1102.0,2974.0,3753.0,843.0,7198.0,5215.0,1097.0,2220.0,8709.0,8314.0,8717.0,10543.0,2812.0,2660.0,3046.0,4354.0,5481.0,925.0,10067.0,1864.0,1590.0,981.0,2748.0,3297.0,1019.0,1585.0,1302.0,5188.0,8409.0,2398.0,0.0,1369.0,1834.0,10274.0,6138.0,3539.0,4985.0,778.0,3584.0,4052.0,12223.0,3073.0,7326.0,13307.0,9681.0,8215.0,3177.0,4118.0,1135.0,1684.0,3762.0,5484.0,6701.0
10,2018-04-19,-0.2411254426175291,2.0647339609883284,2.044175525067126,0.2861049677963134,2.2880771403714864,1.803081213428148,0.973940523617941,2.2476390207871777,0.6988840547392916,1.3737058904608423,4.788845404378658,2.489635422277682,3.2108703258677678,1.465864829572422,-0.2275484383841641,1.4980986170175192,0.948648267769987,-0.3566120084725477,1.5512814432102884,4.169575095929763,2.345685890358614,1.088140000825002,0.4975518053650063,2.706293706293704,1.0961471356476238,3.6283662477558334,-0.0747141499755033,0.7276137944742611,-1.1059422328946789,0.8041452708433261,0.791063431211031,0.2376791475339457,0.7411142239670399,0.359825072540334,1.251513570160493,2.0014868398271304,-1.2898201001847265,0.2889057080780033,1.362066732538706,0.8246578642033586,1.2937787971499304,3.794571165281393,2.8244703958295982,0.4379822236289543,1.4253381026261125,1.498085335586926,0.5092162851467785,0.2649029435319783,1.9960290586518104,0.0090363822656214,0.6713637502917291,-0.802593005583474,1.8978354564866615,1.4844902088549017,2.2754305802647714,0.0580651806956566,2.744382734926781,3.4890757589682355,2.0002187257543835,3.789922195712978,2.4514913828477947,2.4784383702381927,2.6571220937791007,2.34827231156448,0.1167079188874276,-0.1654924652463973,2.975881619299524,1.271456607720326,0.8502343588846717,-0.0364486753102455,0.4115272822453208,1.23901907500369,5.522865956637315,0.7714138139214233,1.9966491841491807,3.5802469135802504,0.6550429924927803,0.5092162851467785,0.2103295813024153,4.295679591411302,4.17635623590786,0.1261047099381707,1.4680927895667362,2.151245664475013,2.122068398370115,0.7499214429361512,0.7199122199122232,1.2308017259587845,2.7335794839079206,0.4986521504721808,1782.0,1699.0,3224.0,987.0,2805.0,1086.0,848.0,2141.0,3006.0,4756.0,6284.0,3835.0,9485.0,8355.0,2406.0,9495.0,2952.0,3156.0,4177.0,2375.0,1574.0,1106.0,2006.0,1801.0,12395.0,5711.0,3220.0,4761.0,1389.0,1012.0,5933.0,1171.0,740.0,1920.0,3700.0,1266.0,7326.0,4606.0,14186.0,1220.0,1279.0,1204.0,7620.0,21878.0,3745.0,4525.0,951.0,4746.0,2728.0,1565.0,6642.0,3713.0,803.0,1962.0,5885.0,6662.0,1040.0,3442.0,864.0,1678.0,13615.0,3241.0,1254.0,2877.0,11111.0,4074.0,2804.0,571.0,1318.0,3838.0,2878.0,4352.0,5566.0,772.0,3250.0,4441.0,8105.0,10795.0,1531.0,6820.0,2054.0,988.0,1986.0,1448.0,3407.0,3973.0,487.0,463.0,3152.0,3167.0,20762.0,1094.0,3111.0,3822.0,910.0,7677.0,5348.0,1186.0,2126.0,8731.0,8801.0,8864.0,10738.0,2906.0,2782.0,3155.0,4539.0,5715.0,1022.0,11526.0,1913.0,1640.0,1013.0,2829.0,3327.0,1036.0,1587.0,1356.0,4871.0,8157.0,2006.0,0.0,1441.0,1920.0,10740.0,6545.0,3730.0,5105.0,797.0,3749.0,3962.0,12407.0,2967.0,7158.0,13445.0,9989.0,8198.0,3207.0,4118.0,1169.0,1485.0,3753.0,5726.0,6663.0
11,2018-04-20,2.7757983873045955,0.109784818580646,1.3619445874866631,0.5092706301935868,0.351769244366803,3.1253646231352006,0.155643922737152,-0.0543420913791203,-0.2944293790141716,1.2656476698511545,-0.1628485811131685,0.518754675322427,6.498853865193701,3.7337115349629855,0.3449327954450809,-0.8141435171209443,1.3515284081155876,1.0343655368026394,3.601003738899257,0.3940206406924562,3.41775258168016,1.0232186367341378,0.4920768507361417,2.9603729603729603,0.8075114867543642,-0.1612806702573266,0.211674053692521,0.8374329159212968,-0.7285977991568382,0.5132930939745017,-0.3934930253053803,6.497041843730676,1.0280579944812362,2.0265265617354755,1.7099343688235924,3.1599840205384044,7.760821448185195,0.3376591827845054,2.956688897264381,0.6366860323154111,0.8665115881157137,1.0639447451125197,5.260692169439264,0.0019302163174272,4.174114191139502,0.9014137107689312,0.6031697030758687,2.8614510713301056,0.3649856233248816,0.030497790146472,2.59023389165901,2.31825829433435,-1.0007979913614329,-1.0640153983332756,-0.4991616643841712,-0.1199361961689904,0.4299084165734812,2.9889882895825197,0.6325427478810808,5.525210084033612,1.6701050975024878,-0.0090121754490302,0.2792854602585948,-1.210268148339324,-0.2059823793161408,0.1322766983229406,-0.531471986407428,-0.1659568688403534,-0.6196718749401176,-1.185351461325368,6.938021394289132,2.468040405494404,0.4487303919739249,0.439612980095776,3.694638694638691,2.1719294080405174,0.7586839455420846,0.6031697030758687,1.260406976647438,0.7706639566395657,5.04456541930076,0.2850360025903919,2.1429307325114166,3.4899695983053403,0.6999053973004243,1.1016842634489687,0.0684626934626975,0.1401764652633919,0.2717232751299814,5.371919511643684,1828.0,1883.0,3198.0,1011.0,2998.0,1187.0,910.0,2033.0,3026.0,4785.0,6588.0,4066.0,9888.0,7112.0,2563.0,6747.0,2970.0,3290.0,4558.0,2326.0,1609.0,1169.0,1915.0,1874.0,12205.0,5697.0,3275.0,4598.0,1413.0,981.0,5856.0,1119.0,735.0,2075.0,4548.0,1326.0,6827.0,4544.0,14240.0,1225.0,1323.0,1351.0,7901.0,20898.0,3456.0,4093.0,1029.0,4424.0,2803.0,1500.0,6941.0,3875.0,820.0,1681.0,5583.0,6558.0,1068.0,3292.0,922.0,1583.0,11708.0,3460.0,1275.0,2782.0,11850.0,4364.0,2683.0,584.0,1315.0,3833.0,2950.0,4426.0,5589.0,829.0,3106.0,4526.0,7028.0,8249.0,1551.0,6794.0,2056.0,987.0,2026.0,1672.0,3498.0,4096.0,517.0,458.0,3111.0,2711.0,19927.0,1138.0,3118.0,3352.0,866.0,7561.0,5824.0,1227.0,1959.0,7729.0,8906.0,8438.0,10306.0,2696.0,2607.0,3158.0,4536.0,5861.0,1006.0,12285.0,1853.0,1578.0,928.0,2803.0,3134.0,1027.0,1758.0,1418.0,5137.0,7233.0,2664.0,0.0,1428.0,1840.0,11018.0,6357.0,3742.0,4982.0,759.0,3709.0,5763.0,11488.0,3209.0,6814.0,13079.0,10139.0,7406.0,3042.0,4117.0,1157.0,1812.0,3801.0,5470.0,6092.0
12,2018-04-21,-0.2013370956702975,1.035335925443388,2.320755324235846,3.2903032134516828,0.2016200309864713,-0.3864217278747617,0.2772969268566949,1.940025852062892,3.018140622916432,-0.1083308717497488,4.291539078746989,-0.258260935920922,-0.2803326207902201,1.0120550476758006,0.0758117810052527,1.121377532411194,1.508129417537375,1.76647205132743,4.369805353756458,1.8398967688760517,0.901487910058738,3.0188912569509774,0.5612668113371566,3.2364510489510456,0.5466594495474464,2.240574506283669,1.0408543963931194,0.6250000000000089,3.108898233296136,0.1538087383120934,-0.8995354637235775,0.9234839102970116,1.5371435461452487,1.171788544993254,2.7846679883182746,1.492534371281525,0.1557689427349462,0.4133989150309047,1.5778146104940316,0.4122079996499672,1.3345989481274467,1.013666639651567,0.5979608003475356,1.1754815828385523,-0.9776019222944776,0.6793673564390568,0.0120764192714606,0.4025962687253026,0.5331226309998827,0.0519591980273215,4.06774781610158,-0.2896136889740286,1.457534029237514,0.9935611646489928,-0.4214076358935625,2.4564601068222918,2.3952727984871816,0.2054000454679605,-0.317992876592188,4.418803844740269,1.5052631989077758,1.1576139364281202,2.2436775815380097,1.5483114142183374,1.4441910639692312,1.080727027342412,1.5790520144842823,-0.0748673319991222,1.6268180748010053,3.7243339013971353,0.1412770738804347,0.5047558667642504,5.007625839030883,1.055554534832105,4.090666278166273,-0.4663659385881646,1.015593570351384,0.0120764192714606,0.36559408265599,0.6395924536168462,-1.6039984399549456,0.1979923399653338,0.4946785760000516,0.7758156780816416,1.2232603099423545,2.2320418552036205,1.7476899976899996,0.747607814738096,0.973071419639978,1.5088958068836,1120.0,899.0,1429.0,461.0,2011.0,619.0,612.0,1053.0,2005.0,3393.0,4302.0,2576.0,5752.0,2875.0,990.0,4957.0,1251.0,2391.0,2303.0,1245.0,876.0,678.0,723.0,964.0,8752.0,3046.0,2179.0,3034.0,733.0,524.0,2940.0,668.0,325.0,1254.0,3990.0,783.0,2644.0,1805.0,10320.0,767.0,860.0,763.0,5824.0,5564.0,1151.0,1276.0,781.0,1667.0,1302.0,786.0,4250.0,2292.0,623.0,816.0,2631.0,3027.0,565.0,1527.0,467.0,750.0,7593.0,2406.0,737.0,1517.0,9369.0,3194.0,1132.0,315.0,641.0,2044.0,1166.0,2997.0,3573.0,357.0,1560.0,2289.0,2434.0,3573.0,1121.0,3338.0,1362.0,590.0,1186.0,892.0,1667.0,2261.0,320.0,244.0,1156.0,416.0,10372.0,635.0,2516.0,1582.0,384.0,3904.0,4232.0,742.0,621.0,1724.0,3516.0,2244.0,3943.0,1440.0,1252.0,1917.0,3189.0,4729.0,583.0,8650.0,574.0,733.0,384.0,1428.0,718.0,629.0,1226.0,946.0,2013.0,1260.0,1176.0,0.0,465.0,845.0,7774.0,3518.0,1928.0,3132.0,343.0,1942.0,4921.0,5869.0,1939.0,1945.0,5542.0,4692.0,1169.0,1291.0,2520.0,610.0,822.0,1742.0,2465.0,4346.0
13,2018-04-22,3.386219867388069,1.7046241837291232,0.3467535035127078,-0.3157006375399529,2.220446049250313e-15,0.0715595792360634,0.2520761821002037,0.2469135802469191,1.3905283842543503,0.0178106932483967,-0.5460217131441492,1.114615497507706,-1.8749824191773867,1.108565320660585,1.1999198527108357,1.8822742531213557,2.1165687971332634,1.0166849236033435,-2.0516194795767406,0.0811101688178983,0.2366507259141748,1.5851143410945467,0.5313228847262152,0.1136363636363602,1.523771121922883,-0.340065828845002,0.8190476936864732,0.1162790697674498,4.96731635308579,0.8812460124708865,0.092639573939256,2.47785785563941,1.2593386813598084,1.3368985176019732,-0.0981962521928325,0.7103030583741143,4.392318061542049,0.6415091674435702,-0.6241205138018358,1.255009807984171,1.7222274277194127,1.4102633372054996,3.45765296126884,1.8015891835369024,0.809254902299269,1.1792078732071565,3.840132727891772,1.1618428092218425,0.4680004148419892,0.0734206059081699,-0.2697350927208397,0.8799852095322269,1.9623323230202216,0.4703522068658039,1.593157645492829,0.6528483975050681,-0.1512589556226462,2.263242300678637,0.6351662721162987,-1.7235456080133993,3.768991286770091,1.968259118068512,-0.2584785157793656,-0.9728934817364054,5.767506620851519,0.4823006778755456,0.300109053882257,1.9808228087483093,0.5816475050011027,1.040607803244713,-0.4707346268247869,0.2367802498082771,0.5095729167378882,0.2810906257919388,0.9523115773115708,-0.0268149203334377,1.3447112199185065,3.840132727891772,0.871708351892867,2.439024390243905,2.4357140886881936,0.2182832032794546,0.9219222688091832,-2.373914679645619,1.8099928481183505,-0.2941176470588225,0.662133287133293,2.1199527154031683,-0.0011612494548551,0.7212299344336448,908.0,663.0,998.0,388.0,1452.0,506.0,459.0,787.0,1627.0,2719.0,3538.0,2130.0,4682.0,1974.0,628.0,3613.0,854.0,1927.0,1419.0,745.0,599.0,532.0,594.0,763.0,6492.0,2297.0,1733.0,2303.0,609.0,421.0,2230.0,526.0,231.0,916.0,3016.0,537.0,1680.0,1318.0,7823.0,596.0,683.0,663.0,4487.0,4577.0,996.0,836.0,608.0,1263.0,901.0,599.0,3032.0,1599.0,498.0,656.0,1778.0,2066.0,494.0,1224.0,339.0,538.0,5559.0,1692.0,604.0,1191.0,7115.0,2360.0,852.0,226.0,399.0,1570.0,822.0,2114.0,2813.0,333.0,1057.0,1687.0,1894.0,2508.0,914.0,2627.0,958.0,501.0,1002.0,772.0,1155.0,1640.0,244.0,205.0,1006.0,346.0,7589.0,517.0,1999.0,1164.0,326.0,2861.0,2949.0,532.0,426.0,1017.0,3221.0,1782.0,2828.0,954.0,872.0,1533.0,2537.0,3479.0,416.0,10393.0,428.0,496.0,292.0,938.0,525.0,501.0,1027.0,715.0,1365.0,1130.0,680.0,0.0,279.0,554.0,5905.0,2687.0,1560.0,2163.0,243.0,1458.0,3850.0,4540.0,1417.0,1398.0,4132.0,3452.0,794.0,765.0,1726.0,442.0,615.0,1277.0,1777.0,2904.0
14,2018-04-23,-0.3849894333848391,3.897315703356468,-0.2208776253356403,0.8363836029189264,1.240602676482517,1.9840719030652163,0.8334249456889165,4.271829165347684,0.4925770085712611,2.132128682285664,5.284841736396539,0.4534972722632124,1.3520660954343344,3.540156676063392,-0.2246124157655349,7.996470767981121,1.2510351995202385,3.5347518956898405,2.450916396090188,3.037822898017356,3.6036984610730993,0.3644259858849141,0.2567069565942947,1.923295454545454,1.791627627843304,3.944195092758832,2.5060856408240757,0.5959302325581484,4.0893578388768965,1.6931479959389528,3.923001672946731,0.1192487595405344,1.2010207200823142,0.9757182807827748,0.3558386569655825,2.2241268365628564,5.446487709896991,1.9430869190727664,2.263446407185199,0.7182984523227831,2.373720296414596,3.5119631874217685,-0.8480906992393433,-0.096479654234709,3.904090030590895,1.4756350318470246,2.502470113653649,1.0267822679112992,0.789418612888988,0.0,0.138969771421179,3.236987737139987,-1.239629280421981,4.514043691484618,-0.4823949520676795,0.771835737375135,0.922006684751292,-0.3202409801730654,3.4772628701834343,3.877817991540576,-1.566752932938118,-0.3790520993862634,0.0581961688514531,2.22494146188796,4.774254958971645,1.9511791203744333,3.687973345062148,1.1375498422621988,3.372995973060813,4.216184563178949,1.3990942737420553,0.4688321074220369,-2.0250422422869363,1.5309975097950457,3.636363636363632,0.3191146987443283,0.6128604514760538,2.502470113653649,1.5750916512874469,-0.1034761309151499,3.6347119713228384,0.1829191272177044,0.0645938765379627,3.8722421960550246,3.392650668711239,2.806042609351435,3.91891891891892,1.7347802703954718,3.01804011381717,0.4921476895250376,1640.0,1676.0,3081.0,977.0,2895.0,1001.0,933.0,1985.0,2921.0,4688.0,6178.0,3749.0,9678.0,7317.0,2395.0,6270.0,2845.0,2879.0,4292.0,2266.0,1548.0,1114.0,1976.0,1734.0,11417.0,5418.0,3094.0,4509.0,1293.0,953.0,5413.0,1116.0,715.0,2010.0,3923.0,1218.0,6761.0,4219.0,12915.0,1084.0,1225.0,1221.0,7382.0,20619.0,3651.0,4286.0,898.0,4362.0,2687.0,1465.0,6087.0,3487.0,797.0,1834.0,5225.0,6155.0,980.0,3338.0,818.0,1565.0,12937.0,3064.0,1212.0,2572.0,10109.0,3863.0,2766.0,669.0,1153.0,3653.0,3001.0,4165.0,5453.0,786.0,3221.0,4162.0,7672.0,10938.0,1435.0,6558.0,1909.0,982.0,1893.0,1572.0,3357.0,3788.0,549.0,455.0,3168.0,2986.0,19933.0,1101.0,3059.0,3625.0,802.0,6965.0,4977.0,1086.0,2209.0,8089.0,8319.0,8230.0,10342.0,2614.0,2661.0,2716.0,4292.0,5511.0,958.0,11328.0,1902.0,1565.0,1021.0,2641.0,3025.0,1034.0,1604.0,1340.0,5057.0,7856.0,2404.0,0.0,1340.0,1816.0,9829.0,6128.0,3321.0,4816.0,756.0,3443.0,5163.0,11536.0,3097.0,6887.0,12897.0,9180.0,7842.0,2919.0,3845.0,1059.0,1635.0,3721.0,5417.0,6605.0
15,2018-04-24,-1.0339419152199114,3.9476245703180446,1.873244980701163,-0.7137385348705161,1.517236266985453,0.5613930671978717,0.2975624003202892,1.795160354270272,1.2742433967967182,4.002744664967564,1.5374275211698665,4.566249449649952,3.5003541994670586,0.4059864765397425,2.6366976196990546,0.9666809889098038,0.9394117759826436,-0.2269434550535365,0.3887619186960178,-0.3077419219813615,1.4714937729169977,-0.1042840377495979,0.9601791272095884,0.2618317166704254,0.9867164622501368,2.818295978842107,0.3197290235614325,0.697756169811693,-0.8378776331658622,1.786230447814593,4.450759338123525,0.7618044505878474,1.647251137754443,1.8148077556556053,3.3959945510397684,1.40036987656445,-0.9012472359548318,0.2895298576741845,1.8004471781123366,0.6780238695295515,-0.028600125869358,1.395690190816664,-0.3188508777208287,1.5096257392813406,6.312865797826772,0.8021785889841448,0.2529114207555372,1.428571428571429,0.639750732887765,0.0315794492678978,1.5039415962819291,-0.4209778871592862,4.580979939092241,1.257194563953582,2.6511074659143583,-0.415325228743042,0.5771030645452147,3.391812865497071,-0.4264999347900855,-0.3561221518665514,-0.6629786994389963,6.751487517700935,0.0,-1.1699609168608838,1.1904345097876146,0.201327752511593,1.9383536731489348,0.0048531947436292,2.502286015767452,0.2580858276032505,-0.1527589186983924,0.9984235374968542,6.049020353605017,0.0915016527113754,0.0155650800811979,3.264063249905539,1.40846891864431,0.2529114207555372,0.211684103847608,0.5028559516364417,-0.8199916461654677,0.2325581395348852,1.7582262047565111,3.658967832397732,-0.0264903515418768,0.8029295196159536,0.6915602947861044,2.324940409006264,0.4468929424867274,1.4945871148390322,1801.0,1833.0,3283.0,1029.0,2994.0,1134.0,945.0,2142.0,3076.0,4817.0,6541.0,4065.0,9927.0,7929.0,2649.0,6617.0,2893.0,3023.0,4548.0,2441.0,1604.0,1137.0,2015.0,1848.0,11860.0,5750.0,3254.0,4700.0,1484.0,1028.0,5802.0,1156.0,767.0,2092.0,3703.0,1333.0,7335.0,4413.0,13934.0,1190.0,1302.0,1270.0,7773.0,21369.0,3570.0,4501.0,1046.0,4640.0,2844.0,1553.0,6373.0,3813.0,790.0,1902.0,5698.0,6293.0,992.0,3508.0,840.0,1659.0,13753.0,3081.0,1317.0,2746.0,10191.0,3970.0,2798.0,684.0,1323.0,3786.0,3092.0,4352.0,5553.0,874.0,3388.0,4320.0,7919.0,10880.0,1484.0,6954.0,2056.0,1116.0,2004.0,1645.0,3574.0,4076.0,529.0,477.0,3347.0,3111.0,20062.0,1221.0,3212.0,4051.0,808.0,7421.0,5260.0,1149.0,2274.0,8685.0,8560.0,8454.0,10387.0,2894.0,2758.0,3042.0,4422.0,5658.0,959.0,10391.0,1961.0,1620.0,1025.0,2939.0,3254.0,1047.0,1595.0,1399.0,5333.0,8113.0,2478.0,0.0,1409.0,1887.0,10425.0,6677.0,3654.0,5052.0,779.0,3654.0,4944.0,12260.0,3272.0,7052.0,12984.0,10104.0,8219.0,3104.0,4067.0,1091.0,1706.0,3894.0,5517.0,6788.0
16,2018-04-25,3.3616150767026074,0.8813514350152507,2.83982649439901,2.743673586113234,3.5557932593857524,2.7867944130044977,0.2348503245538635,3.2061254412210225,0.6289488624021866,2.759200162184845,1.5357794646880196,0.85544876363285,4.8687469360404965,2.813157576553036,1.131577658661802,-0.5767203460217307,1.337768498541797,2.911738481442568,6.761949243899867,-0.5461371757045508,2.293306136920743,3.799680143673781,0.9121380721486216,4.753987141890363,-0.3057052723903308,0.9281123916526736,4.3177346357037925,0.5577211610595023,0.1720298037010492,0.1242314017097079,-0.0030789522453344,3.5007510999821623,1.3107582428291464,1.672145386238406,4.126830143880239,3.799836566169196,2.750847747883653,-0.0284513665919705,1.3018428787301073,0.5741578402206915,2.6164888861612967,1.4774094202530152,3.479464709404303,1.5861801617148197,-0.0410635820189164,2.4864678215604883,0.0679845788936517,0.50289298515105,0.6510523941352708,0.0770528567981188,1.2711555588741308,1.4147636488785875,2.832797191641543,3.1050078324735697,1.0134492896751968,3.045675373130078,2.076231528151057,3.97980255297742,0.6367763543284011,4.546200201307719,5.378547060633095,-0.2109796787072193,4.348011692426635,3.8445226768559593,1.338052577035912,0.2046372020921805,2.41767236528755,0.0304399418445311,-1.2230935372776863,1.7453864896393534,5.054444454360034,1.1404242127857156,2.8510561161236234,0.0967885998880535,-0.6809158583352182,0.6668509838760694,0.5683259844187449,0.0679845788936517,0.6706394705442831,3.9291344724861688,1.4368581415696668,0.285488038676337,0.458034927764811,2.2002824951525324,0.7225811238593272,2.8858517207544656,5.483597493274912,1.544677227832294,0.7541926624352557,1.7110742458915162,1815.0,1784.0,3286.0,1083.0,2946.0,1135.0,987.0,2208.0,3049.0,4883.0,6703.0,3951.0,10123.0,8163.0,2680.0,6671.0,3039.0,3058.0,4491.0,2397.0,1633.0,1204.0,2081.0,1827.0,11924.0,5808.0,3205.0,4617.0,1493.0,1018.0,5801.0,1195.0,753.0,2070.0,3738.0,1413.0,7447.0,4342.0,13506.0,1172.0,1360.0,1269.0,7963.0,21578.0,3666.0,4536.0,1036.0,4937.0,2904.0,1522.0,6535.0,3669.0,763.0,1976.0,5709.0,6322.0,986.0,3522.0,879.0,1731.0,13615.0,3099.0,1280.0,2771.0,10432.0,4024.0,2841.0,667.0,1351.0,3670.0,3080.0,4300.0,5680.0,871.0,3345.0,4382.0,7800.0,11031.0,1559.0,6975.0,2073.0,1039.0,1989.0,1650.0,3584.0,4115.0,529.0,476.0,3259.0,3175.0,20149.0,1202.0,3192.0,3806.0,891.0,7380.0,5252.0,1184.0,2324.0,8606.0,8619.0,8427.0,10646.0,2811.0,2797.0,3141.0,4475.0,5719.0,973.0,10580.0,1923.0,1563.0,1002.0,2822.0,3204.0,1078.0,1674.0,1492.0,5463.0,8062.0,2544.0,0.0,1427.0,1865.0,10491.0,6743.0,3722.0,5201.0,800.0,3656.0,5044.0,12425.0,3246.0,7331.0,13023.0,9948.0,8296.0,3280.0,4271.0,1198.0,1717.0,3986.0,5553.0,6906.0
17,2018-04-26,2.8803742714634573,-0.4117176376496223,2.2593518961268244,3.508936884789886,0.9903886479985312,-0.0002201833207315,0.2796282562039365,-0.4684103619288748,1.8196234349672324,0.0623940041751214,3.256152876254731,2.907616233843072,-0.7012902500071783,1.7784378936338665,0.014932488471937,-0.1216689297986506,0.948648267769987,-0.8214730746113408,-0.0037662315738118,3.866695880133899,2.8732159141876346,0.1928236936826255,0.2487868765972001,1.1153846153846092,3.0695800601478984,0.547576301615802,0.3570593135948774,0.7276137944742611,2.1626240374251826,0.8041452708433261,-0.4072179290529942,2.4748303717889284,1.3384616933885218,0.0345856456127413,4.642759611518451,1.8014954416076945,3.071710296393685,0.0506119622540568,0.0,1.1532136712007868,2.819034737867007,2.916580368425948,2.2265095954820824,0.7025188084560652,-1.21826755176224,0.2009566750590496,1.128079052082932,1.3363315149605492,0.642740007984981,0.0090363822656214,1.2735640695942507,1.198234748751107,2.3924611596854217,-0.6220635138379249,1.3769395843732568,0.9559380452424726,0.4285860304506028,2.6703623086758377,1.079361719192048,0.5830649531866161,2.965369874387025,-0.1927704328547874,0.4974521213611849,1.57411660445531,-0.4609685067002744,0.1382366245507948,3.6526181969356433,0.1876455083551786,0.3400937435538675,0.8419231086853607,3.8496789507549503,0.8639533890660556,4.160459182018352,2.0296656124661583,4.269376456876458,2.9629629629629592,0.6550429924927803,1.128079052082932,0.1264996474843815,5.149338127996668,3.760202711055341,0.2811434696280923,2.5395581558224487,4.1688468087121,0.0,0.7499214429361512,1.5307230307230313,-0.9289541832846092,0.2196039424570628,1.8009356684464106,1912.0,1756.0,3301.0,1040.0,3072.0,1163.0,974.0,2189.0,3150.0,5003.0,6689.0,4132.0,10335.0,8410.0,2668.0,12706.0,3294.0,3083.0,4660.0,2398.0,1629.0,1190.0,2050.0,1930.0,12580.0,5736.0,3341.0,4775.0,1464.0,1025.0,5847.0,1245.0,783.0,2147.0,3985.0,1417.0,7379.0,4466.0,14583.0,1282.0,1346.0,1261.0,7993.0,21814.0,3689.0,4415.0,993.0,4832.0,2848.0,1597.0,6578.0,3962.0,839.0,2172.0,5832.0,6430.0,1025.0,3579.0,980.0,1726.0,14113.0,3288.0,1416.0,2901.0,11567.0,4126.0,2801.0,688.0,1370.0,3931.0,3174.0,4893.0,5675.0,875.0,3490.0,4649.0,7885.0,10778.0,1565.0,7076.0,2182.0,990.0,2052.0,1701.0,3716.0,4320.0,535.0,507.0,3369.0,3161.0,21893.0,1234.0,3216.0,3883.0,1073.0,7658.0,5435.0,1223.0,2343.0,8788.0,9111.0,8806.0,11055.0,2850.0,2878.0,3299.0,4695.0,6093.0,1037.0,11881.0,1981.0,1604.0,1075.0,2836.0,3235.0,1100.0,1714.0,1482.0,5460.0,7840.0,2565.0,0.0,1458.0,1991.0,11114.0,7032.0,3888.0,5378.0,820.0,3821.0,4260.0,12776.0,3356.0,7155.0,13307.0,10218.0,8317.0,3245.0,4287.0,1198.0,1767.0,3938.0,5737.0,6858.0
18,2018-04-27,1.094990848953289,-0.5977727810302036,0.5012391032478758,2.5126526326490484,3.4337794137525823,-0.3524309277376281,0.254831389510578,1.180225809855443,2.7475775101759616,-0.045664216434571,1.0633054413859766,-0.0385530734314221,4.645725171358203,2.275037236009556,0.1024518685889808,4.668146641333786,1.1816807316164035,2.150032095535753,3.212241820203239,1.6055375038758957,0.3844549446632794,4.220776876528307,-0.0054530067994718,0.4603729603729589,0.1497005119209404,2.7794733692399785,2.5144658594012084,0.7211538461538469,3.916206900771382,0.0537815106354588,-0.0511269223728017,6.683471112418594,1.2669969822498273,2.4601791309722687,2.9593408051133685,1.9600356312218103,2.4646773951971293,0.337659182784511,0.2325554321869749,0.3902691770673427,1.6291395584742607,1.5907392232257878,3.666130035179181,-0.0862486452916067,1.3913713970465014,0.429730561486068,2.61447369561838,0.7185939284729648,1.3799524113250028,0.030497790146472,1.3858332530539608,0.0673270707079454,2.585238356829551,2.145971226722457,2.096478990413535,-0.2995107690783527,3.384545591249981,1.3515613889977307,1.9370901738443933,6.3998075138135295,-1.1562266059632664,4.208685934697779,0.9991754510645668,2.328729369874025,3.2600761742100537,0.4360057881201329,1.94989546492502,2.3629356963449943,0.3155859198330246,3.7335305290500695,2.2496327554123563,0.4989455543218357,1.811137166592881,2.56896217763302,6.876456876456881,0.3200775561886626,0.3768381197040604,2.61447369561838,0.2544477708310111,1.7462737127371353,1.8193756016937448,0.2850360025903919,0.8766534814819438,1.4723684540682536,5.233415157454759,0.6605077928607317,2.230624855624858,0.8047167450305925,1.0259159375652371,0.8139271987338925,1839.0,1711.0,3129.0,984.0,2961.0,1174.0,983.0,2084.0,3099.0,4934.0,6862.0,4134.0,9912.0,6972.0,2534.0,13307.0,3226.0,3204.0,4558.0,2290.0,1532.0,1152.0,1966.0,1912.0,12475.0,5689.0,3271.0,4664.0,1392.0,1158.0,5949.0,1111.0,732.0,2023.0,4504.0,1343.0,6825.0,4333.0,14372.0,1338.0,1335.0,1263.0,8025.0,21144.0,3528.0,4086.0,990.0,4298.0,2823.0,1548.0,6833.0,4234.0,901.0,2163.0,5584.0,6535.0,1015.0,3291.0,962.0,1617.0,11583.0,3496.0,1420.0,2848.0,12912.0,4277.0,2713.0,588.0,1319.0,3925.0,2919.0,4344.0,5544.0,796.0,3196.0,4523.0,6903.0,8402.0,1543.0,6732.0,2261.0,1040.0,2034.0,1662.0,3369.0,4023.0,557.0,443.0,3051.0,2863.0,21572.0,1103.0,3781.0,3207.0,1026.0,7447.0,5616.0,1246.0,1911.0,8378.0,9379.0,8395.0,10711.0,2723.0,2614.0,3187.0,4546.0,6053.0,1014.0,12837.0,1809.0,1553.0,931.0,2675.0,3065.0,1083.0,1629.0,1418.0,5220.0,7312.0,2481.0,0.0,1393.0,1956.0,11199.0,6823.0,3790.0,5134.0,964.0,3785.0,4338.0,11776.0,3270.0,6748.0,13020.0,9831.0,7728.0,2949.0,4084.0,1266.0,1710.0,3768.0,5598.0,6077.0
19,2018-04-28,-0.5615101396027189,6.165128522621986,1.4600498399970585,-1.7617035753490495,-0.2850131536533928,3.477795550872829,0.3764843936301254,1.6931122718159786,-0.5041831435142496,1.202981014535971,3.218654309060245,0.7170276243983198,-1.7216549382178423,-0.4466192512776312,0.6416006103361527,1.7443650504174146,1.3382817410381909,2.0453886910107046,-1.07286150798787,1.6884571609781274,1.692782945802277,-0.0507646532514338,1.9709347410213884,0.281905594405597,3.945349486186811,0.4201077199281888,0.7530054206795278,1.3226744186046502,0.0123617666773068,0.9579540091554206,0.4699289480067414,-0.1950917018304698,1.7760825339138409,0.5213096911380732,-2.5699310243521745,1.4925343712815151,0.3115378854698936,2.08145513579853,0.2157478779553323,0.4122079996499705,0.7626279703585381,1.5404611177648353,2.192522934607617,0.0291563819210727,2.77910084973108,0.2076842071561935,2.0233804118139656,1.831167697296732,0.7586708061110192,0.0519591980273215,0.9061961397633322,0.4606967189014399,-0.8919380609565741,-0.2101838197469008,0.277418694244278,0.7505016641833395,-0.160089082314121,3.5972129109650384,1.6004592204126866,-1.7033781637191514,-1.3210685045579829,3.1258730544966307,-0.2039483872022929,-0.8847493795533401,0.8665146383815359,1.080727027342412,-0.90231543684816,-0.4361376984541798,2.817146177239543,2.14326469020502,-1.265239517782597,0.4109894452798401,-1.3956860016782335,-0.20269726371263,1.363393550893548,0.891658752769865,1.206516483270399,2.0233804118139656,1.0362335532002764,-0.2140660829685203,-1.1878449151024315,0.1204729601203713,0.7868964031607018,1.2081587804181615,1.0303450009996171,1.7908653846153832,1.3422845922845927,3.571904003748685,0.8473726425674322,0.3693977286561511,1276.0,876.0,1467.0,495.0,2067.0,651.0,598.0,1136.0,2095.0,3606.0,4592.0,2789.0,5925.0,3184.0,1104.0,12071.0,1477.0,2472.0,2216.0,1233.0,898.0,743.0,799.0,980.0,9404.0,3072.0,2391.0,3280.0,740.0,552.0,3047.0,677.0,399.0,1201.0,4326.0,966.0,2961.0,1935.0,11074.0,860.0,844.0,760.0,6174.0,5929.0,1241.0,1253.0,771.0,1790.0,1525.0,868.0,4345.0,2807.0,702.0,1304.0,2823.0,2865.0,622.0,1487.0,595.0,881.0,7754.0,2469.0,743.0,1558.0,10571.0,3190.0,1167.0,321.0,611.0,2258.0,1259.0,3406.0,3984.0,388.0,1606.0,2309.0,2592.0,4174.0,1256.0,3410.0,1401.0,684.0,1293.0,963.0,1711.0,2471.0,320.0,282.0,1267.0,520.0,12364.0,724.0,2268.0,1852.0,675.0,3937.0,4181.0,788.0,634.0,2789.0,4037.0,2295.0,4464.0,1580.0,1198.0,2130.0,3258.0,5074.0,609.0,9490.0,602.0,773.0,380.0,1544.0,730.0,663.0,1201.0,948.0,2131.0,1593.0,995.0,0.0,494.0,933.0,8183.0,3922.0,2142.0,3396.0,420.0,2321.0,2555.0,6528.0,2020.0,2069.0,5750.0,5086.0,1307.0,1297.0,2620.0,668.0,859.0,1833.0,2430.0,4327.0
20,2018-04-29,1.7054123290367629,2.765960583145384,0.2391653179828556,0.9908528423223018,0.8110553077330995,0.0715595792360601,0.3512636488736298,1.111111111111116,0.4298946297732564,1.631733014830824,-0.6992909659565383,0.4179808115653882,-1.4631760427695095,4.859442089397962,0.7957849746173362,3.626639303538772,1.9467211206340875,2.783156974930774,0.8640949106434381,-0.3732086548758895,1.555475785486734,1.329309681911014,0.0337930271906061,0.5681818181818188,0.7563249846172204,1.900508677438667,1.394745645113643,0.0,-0.0215479542445318,1.3407575958099285,3.1739345003324706,0.7999944374481827,1.2593386813598084,2.7462693676215344,-1.8830625897496425,1.3102772530324005,2.36732180598779,0.6415091674435702,3.4620796838142565,1.6657045667309511,1.7222274277194127,1.937057815318768,3.059012427703819,-0.2265246334709414,3.4528605566876225,3.537623619621476,-1.8843478662676727,0.9237475711266052,0.3552263272864231,0.0734206059081699,1.3863157853610952,2.047134732894069,-0.7581090445729366,3.68033883192153,1.6929899783696556,1.7302958349612465,0.088306220702472,1.444528850386234,0.7886424398766922,2.940974017479493,2.4842950579220147,0.1405899370048935,0.4614114750266074,-0.3093314470714015,3.4568009185007376,1.899703096929105,0.9768456315183816,-0.0663759344969738,2.282116222770452,1.7433052304412031,1.873459692613588,0.7993787787147211,4.18807120820908,0.3778792256799934,-3.138597513597521,0.7139258204072996,0.8674039376209719,-1.8843478662676727,0.536388616620731,0.0,2.1235989450488035,0.1407638234344954,0.9219222688091832,-1.3651141075270767,1.8099928481183547,-0.1470588235294068,1.3378089628089695,1.4554124356359732,1.2558265212705766,0.5584444946868627,888.0,553.0,1061.0,400.0,1592.0,502.0,424.0,808.0,1682.0,2791.0,3656.0,2247.0,4759.0,2354.0,729.0,10985.0,933.0,1906.0,1592.0,854.0,593.0,573.0,607.0,763.0,7165.0,2112.0,1871.0,2546.0,568.0,411.0,2078.0,488.0,266.0,903.0,3365.0,884.0,1862.0,1381.0,8120.0,648.0,601.0,630.0,5058.0,5217.0,1116.0,885.0,549.0,1443.0,1173.0,631.0,3168.0,2090.0,557.0,1295.0,1962.0,2192.0,527.0,1302.0,403.0,642.0,6272.0,1760.0,523.0,1278.0,8274.0,2335.0,843.0,269.0,424.0,1695.0,878.0,2168.0,3091.0,346.0,1121.0,1752.0,1945.0,2949.0,904.0,2897.0,1094.0,493.0,1001.0,734.0,1198.0,1784.0,248.0,177.0,939.0,399.0,9068.0,571.0,2139.0,1347.0,663.0,2805.0,3127.0,596.0,404.0,1810.0,3601.0,1928.0,3124.0,1224.0,875.0,1561.0,2553.0,4037.0,445.0,10743.0,465.0,551.0,334.0,1009.0,526.0,518.0,1015.0,754.0,1546.0,1389.0,722.0,0.0,360.0,678.0,6472.0,3454.0,1678.0,2495.0,322.0,1814.0,2186.0,5001.0,1553.0,1576.0,4702.0,3546.0,1049.0,869.0,2016.0,464.0,688.0,1374.0,1859.0,3152.0
21,2018-04-30,0.0952412918583889,4.427983903064602,1.608121528671792,2.665558474726092,-0.0570858158904474,2.370493630939974,0.8334249456889165,4.148372375224232,1.3731579501789293,1.4260376665933516,4.058687713897392,0.5928242094516778,4.852420294901393,-0.2107200926739882,0.341176413565365,1.0190105663114546,1.930425905516967,0.187752219490499,5.755392705006398,3.037822898017356,2.1529908955432875,2.794570248128489,1.5005316004333191,4.423295454545455,0.2567353532319782,1.0034410532615268,1.0668407622561515,0.4796511627906985,-0.0393574499481941,1.9229037876084745,0.8417067465535255,4.0342634019867365,1.2010207200823142,-0.3252394269275926,4.282544599590584,0.8241870490268366,4.979180881692159,0.2750306983051342,0.3565529816310231,-0.1030910651707772,1.4204353334664177,1.580383434339796,5.131517304235982,3.8715691181719447,4.878050008523452,0.8860310952434425,1.1100288880472975,0.0744013155303502,0.4510963502222842,0.0,0.5906200108980741,2.2365738599726948,4.324909880564024,0.5015604101649584,-0.2827302863140102,0.5922611644657727,1.7205572725016982,0.1475952771368749,-0.8968079109876714,4.460882944727186,4.599788965532632,0.6050774596479835,3.2257121283977286,1.8931604445554608,1.1637772990485384,0.5337767013208738,2.221710760183886,3.907289318417585,1.6725272552914685,0.1756743567991181,3.11817010799687,2.1566276941413776,-0.390154112744181,1.4342089099069866,5.000000000000002,0.9363986493616072,2.1402437548281794,1.1100288880472975,1.8265814527415547,1.2379872837189965,1.3458675846339874,0.1053997473727452,0.2594057613117329,3.7281278286095154,0.1130904166847024,3.9825131975867247,0.8108108108108214,0.1564971059483799,-0.2501280900689506,6.026852640915495,1787.0,1887.0,3195.0,1039.0,2934.0,1167.0,943.0,2086.0,2985.0,4840.0,6598.0,4012.0,9992.0,8025.0,2612.0,11643.0,3081.0,3129.0,4457.0,2339.0,1584.0,1169.0,1944.0,1807.0,11849.0,5576.0,3341.0,4554.0,1410.0,1053.0,5533.0,1147.0,731.0,2061.0,4245.0,1643.0,7153.0,4162.0,13293.0,1177.0,1272.0,1239.0,7726.0,21413.0,3581.0,4228.0,979.0,4619.0,2915.0,1483.0,6399.0,3713.0,801.0,2174.0,5520.0,6147.0,1124.0,3338.0,848.0,1635.0,13507.0,3160.0,1333.0,2730.0,10668.0,3953.0,2806.0,723.0,1182.0,3719.0,3087.0,4185.0,5599.0,894.0,3296.0,4241.0,7419.0,10276.0,1519.0,6791.0,2007.0,1005.0,2098.0,1642.0,3485.0,3984.0,571.0,491.0,3372.0,3034.0,20731.0,1199.0,3025.0,3807.0,989.0,7140.0,5024.0,1140.0,2222.0,8359.0,8932.0,8313.0,10843.0,2713.0,2674.0,3082.0,4348.0,5606.0,916.0,11995.0,1974.0,1598.0,1030.0,2755.0,3189.0,1063.0,1604.0,1469.0,5379.0,7938.0,2463.0,0.0,1396.0,1877.0,10569.0,6370.0,3829.0,5095.0,744.0,3711.0,4244.0,12487.0,3104.0,7057.0,13028.0,10195.0,8085.0,3017.0,4060.0,1112.0,1603.0,3935.0,5560.0,6751.0
22,2018-05-01,-0.0734804647334508,-0.4746104272497242,2.841538650469801,2.160679120826453,3.7881911286381342,1.7206582508221455,0.2975624003202892,0.9309628234060752,1.2742433967967182,0.7749000218027091,4.9093510830425,0.5257682711845302,2.8826446348552217,-0.2191596515831517,0.373542302375458,2.2126560249222527,0.4298687464850992,-0.2269434550535365,-8.881784197001252e-15,-0.0048627061854977,0.1526687133444393,0.279422951025704,-0.1178022307842363,1.8527408075795149,0.2192703249444738,2.1181164456284685,1.4711249264157789,0.581477100044242,4.150986674164456,-0.7410832605501438,2.5677457719943453,1.3210922566515837,1.647251137754443,-0.0282156636007435,3.217507917284092,1.2003784783450144,-0.7454782932198922,0.2895298576741778,1.936653851366209,1.581552338772465,0.5433708518995506,1.9224846689299324,-2.1127332787634256,1.685983462499413,0.3299687905268222,0.0946538650598438,1.3359212628938122,3.452380952380953,0.5269766453321945,0.0315794492678978,0.6006411173281545,-0.0041387716729146,1.860538571499084,1.457818728019569,0.6544608083776604,0.0336112035303604,0.5771030645452147,3.040935672514625,0.8013094072930338,1.538838945989932,-0.4060394536693823,2.9555592185688018,0.4319339944835842,0.9313188595782927,4.80091216971072,0.201327752511593,-0.0918560597594275,0.0048531947436292,1.0568876056635068,3.4202242499874647,0.4723595664851787,1.09218995898126,0.8718746100529651,0.4786560522636052,5.015565080081207,1.535668188177145,1.599391831563329,1.3359212628938122,0.2955140376656451,2.5760266833437573,3.133466839933452,0.6976744186046546,1.7582262047565156,1.353137953269642,0.7451708842290761,0.9499883431453616,1.2321008353266427,1.9096027341517676,-0.307299719948535,0.3550890366115755,1895.0,1780.0,3381.0,1098.0,3223.0,1236.0,1045.0,2166.0,3242.0,5103.0,7073.0,4460.0,10460.0,8397.0,2728.0,13276.0,3140.0,3182.0,4641.0,2562.0,1606.0,1208.0,2105.0,1978.0,12708.0,5672.0,3397.0,5032.0,1433.0,1110.0,5789.0,1256.0,838.0,2172.0,4030.0,1486.0,7566.0,4402.0,14461.0,1363.0,1496.0,1371.0,8399.0,22062.0,3626.0,4359.0,979.0,4629.0,2929.0,1607.0,6526.0,3916.0,820.0,2318.0,5842.0,6496.0,1087.0,3532.0,907.0,1741.0,14609.0,3308.0,1387.0,2854.0,11292.0,4289.0,2903.0,735.0,1309.0,3969.0,3180.0,4682.0,5870.0,915.0,3541.0,4437.0,7678.0,10756.0,1587.0,7003.0,2173.0,1098.0,2180.0,1831.0,3724.0,4214.0,598.0,519.0,3453.0,3128.0,22172.0,1246.0,3259.0,3878.0,1073.0,7390.0,5357.0,1199.0,2252.0,8714.0,8764.0,8618.0,11392.0,2952.0,2755.0,3319.0,4521.0,6073.0,1017.0,10199.0,2003.0,1749.0,1054.0,2905.0,3406.0,1163.0,1759.0,1573.0,5761.0,8017.0,2582.0,0.0,1470.0,1949.0,11410.0,6984.0,4000.0,5464.0,799.0,3890.0,4317.0,12989.0,3316.0,7177.0,13611.0,10588.0,8247.0,3141.0,4266.0,1179.0,1801.0,4164.0,5631.0,6991.0
23,2018-05-02,0.12005768131081,1.5889090346260917,-0.6029954425561579,0.1305666263887195,0.3115720284533529,1.8851437146300527,0.2348503245538635,1.2308167992457153,2.0698994941238302,1.6496285660969268,1.842317970312796,4.338622193344416,3.015618242204998,0.3125730640614499,0.5657888293309032,5.154764819635491,0.8282254690442525,1.703099709481698,0.930520463459511,2.1797757664581585,4.667191244151351,0.3463172446960649,1.492589572606834,-0.3596492217459945,1.558092489637709,2.748579178008145,0.8635469271407603,0.6740002308269466,1.2042086259073237,1.0432545683878025,0.1681040992209581,1.2635998757271782,1.3107582428291464,2.75627680933038,0.3786108350109274,2.1999053804137416,-0.9876068777549872,0.4481361250559268,0.0759828194452805,1.0669915507168193,0.519261967675313,1.6530075796241073,-1.3042216933759598,1.9388956081509656,-0.3193378614282105,0.9534975863911754,2.543435646638276,0.50289298515105,2.1171155323576665,0.0770528567981188,3.830506915909856,1.164660179586765,4.316674301237812,1.500014519945705,2.510934282827728,0.0826949201255844,3.194202351001625,3.979802552977425,2.478490367453079,-1.430215568855051,0.368231768125612,3.163178809410223,0.3166277439131959,0.4161188310867758,1.193633470638984,0.3058802320245746,3.771145520559791,-0.0899835136404814,-0.287835742504543,1.0426890624428542,0.0534965728914815,0.4840592623948603,2.4423340837379337,0.3871543995522253,-1.3627340401533994,1.5310485147402677,0.2819416150402198,2.543435646638276,0.3353197352721426,0.6364515456569009,3.7257025282585134,0.2079686588313778,1.1398765244729847,2.920854332380064,0.8190387783306985,0.8270281913427013,1.6998137094911303,-0.0336059366148,2.136879210233228,1.548288806144743,1818.0,1835.0,3384.0,1121.0,2964.0,1225.0,906.0,2153.0,3087.0,5097.0,6563.0,4144.0,10178.0,8056.0,2618.0,11746.0,3114.0,3175.0,4487.0,2354.0,1633.0,1180.0,2070.0,1805.0,12268.0,5632.0,3310.0,4724.0,1401.0,1076.0,5681.0,1213.0,778.0,2107.0,3907.0,1373.0,7461.0,4399.0,13650.0,1200.0,1311.0,1291.0,7966.0,21720.0,3624.0,4372.0,941.0,4504.0,2934.0,1549.0,6331.0,3885.0,822.0,2078.0,5831.0,6319.0,1051.0,3440.0,876.0,1772.0,13580.0,3207.0,1343.0,2735.0,11160.0,4045.0,2850.0,676.0,1353.0,3846.0,3116.0,4435.0,5756.0,872.0,3478.0,4479.0,7573.0,10624.0,1592.0,6970.0,2039.0,1097.0,2096.0,1658.0,3665.0,4102.0,564.0,512.0,3253.0,3154.0,20935.0,1193.0,3040.0,3821.0,1050.0,7243.0,5119.0,1166.0,2183.0,8544.0,8555.0,8559.0,10799.0,2852.0,2769.0,3165.0,4484.0,5864.0,951.0,9138.0,1965.0,1555.0,980.0,2868.0,3359.0,1083.0,1618.0,1389.0,5302.0,8402.0,2531.0,0.0,1412.0,1924.0,10958.0,6435.0,3702.0,5184.0,763.0,3790.0,4350.0,12897.0,3194.0,7120.0,13334.0,10201.0,8451.0,3174.0,4207.0,1099.0,1687.0,4012.0,5488.0,6801.0
24,2018-05-03,3.3606049967066887,1.5340657612801945,1.7214109684775791,0.8087263597412186,1.4770218326383933,-0.0002201833207271,0.2796282562039365,2.9883797615279093,1.2592537448532604,1.0710954551641405,2.183268106567984,3.1862701082199973,1.5636448202362174,4.69578649154072,1.5506450252272352,0.5013185882075699,2.8169727092609707,2.9903876677267927,4.078233914734439,1.292222545869114,2.7413334082303766,0.0649213640908619,0.2487868765972001,3.5017482517482543,1.8635932729532807,4.888689407540399,0.9327572650220473,0.843892864241711,4.226981681837739,1.9529242291909377,0.1063312253458759,1.3562547596614372,1.3384616933885218,3.070153630270264,2.3224333726945923,5.8013234059963175,4.162092895538287,0.5271994539019542,5.312060256900919,2.056742140443696,3.3910057156359152,1.3361969340861524,1.6285487951345368,-0.4438063924614166,2.955846639377262,2.4414516341526573,0.9733633603488978,1.2172838959129273,0.5299659204294149,0.0090363822656214,0.5208136704661026,1.6984416873347563,-0.8226059111064887,3.891980177646693,0.0791192569743981,2.751683774336099,1.1472815594259678,1.0329354080910425,2.3839091451553585,3.3526234808230204,0.9098559082301104,-1.1768999918890422,1.3613201103283468,1.684710276899476,2.282994514841288,0.6444517742127809,2.975881619299524,-0.1736248580998722,0.5951640512192724,1.1932718222836147,5.412475163713884,1.0514862320348697,3.20677443978508,0.28747081448114,-1.1851689976689972,2.098765432098761,0.3686586231142563,0.9733633603488978,0.2941595151204523,2.832264957264956,1.5753967055796192,0.2036240897831331,1.8577165591142708,0.5659876225744487,3.4724755609692783,0.7499214429361512,1.5307230307230246,0.4831939112206851,3.6134709234157225,0.4986521504721886,1771.0,1843.0,3212.0,1036.0,2903.0,1225.0,978.0,2137.0,3090.0,4900.0,6579.0,4065.0,10075.0,8149.0,2608.0,6628.0,3132.0,3095.0,4600.0,2461.0,1664.0,1115.0,1993.0,1878.0,12207.0,5736.0,3337.0,4732.0,1421.0,1030.0,5869.0,1161.0,798.0,2059.0,3782.0,1354.0,6816.0,4403.0,13142.0,1241.0,1343.0,1237.0,7832.0,21637.0,3534.0,4388.0,891.0,4549.0,2913.0,1569.0,6622.0,3713.0,829.0,1765.0,5876.0,6495.0,1004.0,3373.0,908.0,1729.0,13614.0,3246.0,1355.0,2849.0,10895.0,3952.0,2865.0,623.0,1302.0,3786.0,3035.0,4465.0,5654.0,864.0,3399.0,4563.0,7770.0,10185.0,1582.0,6921.0,2092.0,1034.0,2041.0,1692.0,3594.0,4147.0,551.0,518.0,3265.0,3183.0,20519.0,1213.0,3130.0,3779.0,847.0,7509.0,5040.0,1187.0,2113.0,8476.0,8673.0,8734.0,10485.0,2875.0,2784.0,3220.0,4549.0,5606.0,992.0,11522.0,1988.0,1613.0,991.0,2876.0,3290.0,1076.0,1662.0,1415.0,5406.0,7928.0,2552.0,0.0,1441.0,1934.0,10938.0,6460.0,3708.0,5163.0,781.0,3676.0,5049.0,12315.0,3398.0,6718.0,13302.0,9874.0,8400.0,3127.0,4118.0,1158.0,1669.0,3968.0,5796.0,6961.0
25,2018-05-04,2.295567662061364,0.4635636183860658,4.15923741126273,0.5092706301935912,0.3517692443668074,1.7084849542610825,0.3540188562840052,1.674052970349268,0.4260459368466496,2.17347897574127,-0.4693870867379512,-0.0385530734314221,0.5276614072793184,3.1085654068400848,0.5065867466824803,1.428611547701446,1.0118330551172283,2.24300430876351,1.2684322267231218,1.605537503875888,1.5713974982785794,4.860288524487151,0.3262335648909387,2.2785547785547813,0.5882411618098893,2.2193297426690584,0.211674053692521,0.8374329159212968,-1.2446872102599782,2.466217323165444,0.120056129093482,4.44631988816362,1.2669969822498273,1.3760477078802946,-2.038284940045718,1.1600700383440887,7.137745677245424,0.5759529286084564,0.6411754519485868,0.1438523218192733,1.8197965510638905,0.8883465857414274,7.05457457048186,-0.1744275069006451,2.6436056543883524,0.5476513488067813,1.067316778277988,0.4804986903777219,0.2522115357693155,0.030497790146472,0.0308825346232921,-0.7663511602647977,-0.2588594365632946,-0.4621429061353233,1.497484993152527,-0.1199361961689859,0.5097634753485236,2.0533157749626394,0.8627569995216666,5.087911369143652,0.1284696228848036,2.802786564648847,0.7112194547421791,-0.7678934585626562,4.99310545097314,0.7397348779173207,2.062684894531036,1.279124596979846,1.4208905863831034,0.9227408202641096,-0.09456156402603,0.5927119758062449,4.399710038368907,2.278596377968848,5.058275058275062,1.431188667299779,0.66322248908258,1.067316778277988,0.6735974399211897,3.3316395663956637,-0.4694687849951018,0.2075166227454328,0.8766534814819438,6.228142579769957,0.8928207062431603,1.1016842634489687,2.6360302610302577,2.382999909477685,0.3974220522025207,3.4184942346823437,1908.0,1967.0,3140.0,1040.0,2964.0,1215.0,987.0,2281.0,3154.0,5141.0,6898.0,4294.0,10177.0,6993.0,2610.0,6686.0,3105.0,3266.0,4544.0,2382.0,1607.0,1165.0,1938.0,1855.0,12032.0,5919.0,3378.0,4716.0,1425.0,1034.0,5857.0,1175.0,754.0,2167.0,4715.0,1534.0,6922.0,4412.0,14160.0,1261.0,1448.0,1304.0,8155.0,20713.0,3411.0,4016.0,977.0,4345.0,2936.0,1598.0,7106.0,3924.0,901.0,1656.0,5741.0,6483.0,1017.0,3346.0,978.0,1703.0,11509.0,3537.0,1436.0,2979.0,11559.0,4011.0,2735.0,650.0,1408.0,3829.0,2919.0,4237.0,5667.0,845.0,3301.0,4560.0,6967.0,7878.0,1547.0,6964.0,2205.0,1033.0,2170.0,1807.0,3479.0,4082.0,583.0,503.0,3219.0,2705.0,19934.0,1203.0,3228.0,3402.0,898.0,7362.0,5448.0,1214.0,2007.0,7341.0,9197.0,7969.0,10060.0,2822.0,2857.0,3260.0,4394.0,5992.0,1022.0,12727.0,1826.0,1502.0,925.0,2708.0,3018.0,1037.0,1783.0,1470.0,5338.0,6905.0,2509.0,0.0,1391.0,1920.0,11591.0,6557.0,3828.0,5064.0,780.0,3601.0,6316.0,11466.0,3307.0,6815.0,12791.0,10270.0,7243.0,2974.0,4168.0,1218.0,1717.0,3825.0,5721.0,6241.0
26,2018-05-05,-0.5615101396027189,1.389114725248808,4.257342663773124,1.19981764567207,1.4993085233594317,2.44733760987347,0.4756718604035526,3.29805054342092,1.7372956169416365,1.4047213047337737,1.3794232753115376,0.5777006872098533,4.043634331492613,-1.1759564007543457,0.6416006103361527,2.491950072024882,1.1684340645390143,1.673499838099668,3.3979005570164023,0.4769402977946968,0.3739578862297177,-0.0507646532514338,0.3125018825693537,4.372814685314683,0.4370242870752117,-0.1400359066427259,4.207193129242562,0.6250000000000089,4.313106859203446,-0.1908249491921898,2.695308617068508,1.482771716360748,1.7760825339138409,-0.0207560204079126,6.532887297187595,0.6925687784037926,2.9596099119639216,0.6516926608548501,-0.4652854883140178,0.0836521926525446,0.9532849629481864,2.945246392733539,4.7836864027802655,2.145449060537956,1.109455173275271,-0.8536028787302552,0.4762234944735799,0.7597391258681552,0.420348543444311,0.0519591980273215,0.0028956608095509,1.2110071267769118,4.054318971030982,0.6926249185500222,0.7765803586284559,1.5585872422754763,1.516867151961736,1.1410725600878402,-0.5482071282327694,5.001868797926874,1.2483239531381585,3.125873054496624,1.5237875907320386,3.207216500880844,-0.866514638381557,0.5745118776804203,-2.030209732908368,1.0089437673660262,1.7118415106894749,2.14326469020502,0.7663955590640092,1.1611208171551002,2.28281228979296,0.1844571358395963,4.090666278166278,-0.2194523583412522,1.1110550268108943,0.4762234944735799,0.8685736855642057,0.3956900145924569,1.2050378527995498,0.1979923399653338,0.6894904607738173,-1.3858998336009476,1.4161756188850916,3.261453619909504,1.477419727419731,2.90736372398149,1.350167750857606,0.6949686081497064,1407.0,1156.0,1542.0,579.0,2202.0,771.0,648.0,1316.0,2339.0,3971.0,4855.0,3068.0,6363.0,3473.0,1117.0,5430.0,1421.0,2370.0,2370.0,1537.0,950.0,762.0,816.0,1098.0,9285.0,3280.0,2492.0,3411.0,825.0,585.0,3257.0,834.0,332.0,1435.0,4874.0,1226.0,2800.0,1921.0,11185.0,941.0,914.0,951.0,6482.0,6603.0,1300.0,1237.0,809.0,2216.0,1514.0,862.0,4666.0,2724.0,610.0,947.0,2966.0,2996.0,767.0,1636.0,619.0,992.0,7988.0,2705.0,864.0,1546.0,9869.0,3312.0,1261.0,402.0,669.0,2360.0,1547.0,3249.0,4013.0,456.0,1648.0,2624.0,3091.0,3829.0,1261.0,3708.0,1472.0,735.0,1384.0,1100.0,1858.0,2528.0,414.0,310.0,1355.0,537.0,11840.0,748.0,2299.0,1916.0,575.0,4114.0,4424.0,821.0,913.0,1750.0,4577.0,2548.0,4277.0,1674.0,1393.0,2170.0,3604.0,5218.0,580.0,9393.0,663.0,849.0,436.0,1545.0,772.0,738.0,1381.0,1079.0,2471.0,1507.0,1019.0,0.0,610.0,928.0,9618.0,4043.0,2390.0,3415.0,412.0,2242.0,5132.0,7008.0,2106.0,2132.0,6409.0,6126.0,1328.0,1379.0,2845.0,723.0,920.0,2078.0,2733.0,5183.0
27,2018-05-06,1.9455276916583772,4.181075782367074,-0.7291283517857838,1.0779564076464545,0.3244221230932409,0.2003668218609855,0.4504511156470614,-0.4938271604938249,2.5112677644822954,1.2282524344352186,2.212824837478916,-0.1393269371884598,-1.4631760427694984,2.567239619614007,0.3916500965238356,2.380664267526336,1.7768734441349032,1.0166849236033435,-0.8853337234886682,0.9897478162054728,-0.4227618038721048,2.352528318645153,0.1996363130358136,1.250000000000003,1.3045007969784097,-0.0599940155595435,-0.0444992334542893,0.1162790697674498,2.214839493869063,0.6514902208013651,2.4892022944673062,0.7999944374481727,1.1398691874755096,1.3368985176019732,0.2587770153185342,0.5103116601546687,0.1865566076985847,0.8798029132675156,-0.3517071672940974,0.5157592422399715,1.5315704351297732,4.571030205885092,1.265130026661212,0.3907273977923153,2.200626299345773,1.4150494478485889,2.292975810551386,1.995176142555175,0.4680004148419836,0.0734206059081699,2.4401663441405184,1.6302956174076988,0.4784552134239495,1.9750334373606795,2.391816308507506,-0.4245990399511101,0.0084511619274341,2.497160429333607,1.556023278678642,1.337545396216303,3.1266431723460486,2.5306188660880835,1.613235460316157,1.791948329367773,-4.775088146123956,0.6847867377403338,2.10473992757858,0.5357413429281099,2.3671396586589166,3.851397512030682,3.2799762842766302,0.2367802498082771,0.6458135941997811,1.4425538244486191,1.6341297591297554,-0.1502717104568973,1.153788306999496,2.292975810551386,0.8717083518928714,0.7317073170731714,3.996289806885135,0.2182832032794546,1.019328211196063,-0.9327710051905648,1.906450502589726,-0.1470588235294068,2.554025179025178,0.0432643411306754,-1.0067514660351984,0.7212299344336448,887.0,693.0,1144.0,420.0,1568.0,546.0,442.0,888.0,1727.0,2830.0,3791.0,2276.0,4855.0,2311.0,699.0,5044.0,1008.0,1564.0,1645.0,781.0,664.0,526.0,574.0,765.0,6627.0,2290.0,1907.0,2384.0,592.0,438.0,2274.0,470.0,205.0,1003.0,3491.0,637.0,1690.0,1389.0,7907.0,608.0,664.0,638.0,4695.0,4946.0,1109.0,879.0,547.0,1359.0,1039.0,599.0,3603.0,1727.0,460.0,695.0,1938.0,2291.0,494.0,1186.0,373.0,599.0,5846.0,1772.0,587.0,1339.0,7579.0,2269.0,862.0,254.0,386.0,1617.0,963.0,2110.0,2985.0,368.0,1170.0,1798.0,2123.0,2618.0,912.0,2723.0,1044.0,527.0,1047.0,742.0,1205.0,1670.0,289.0,227.0,990.0,386.0,8020.0,540.0,1361.0,1315.0,328.0,2941.0,2813.0,561.0,440.0,1158.0,3796.0,1795.0,2876.0,1151.0,878.0,1668.0,2617.0,3676.0,365.0,10924.0,419.0,493.0,269.0,1001.0,492.0,559.0,1050.0,830.0,1573.0,1163.0,783.0,0.0,339.0,613.0,6547.0,2804.0,1612.0,2403.0,249.0,1613.0,3589.0,4680.0,1482.0,1494.0,4326.0,3785.0,850.0,917.0,1856.0,496.0,739.0,1435.0,1874.0,3433.0
28,2018-05-07,-0.0248163894524178,3.366647503648341,-0.7588185529848857,0.4879693416223263,0.5917584302960344,1.468842932565536,0.2383001450483379,1.6792365727550929,-0.6281623716566842,0.3164660705054334,7.124072770145242,1.2894588953939856,2.999291601065904,2.8108195265866787,0.2603494379466631,0.1468280411027467,1.2510351995202385,1.3034187782236129,3.422821192830253,0.3119099558546379,3.339933449158589,-1.170401969216286,0.9200800999751102,-1.1448863636363615,3.545790227399104,0.1632256134051501,3.3696325679648376,0.5959302325581484,3.4012386240727133,-0.1448983374172208,-1.0413068195756623,5.712126820177965,1.0815512261980154,1.951436561565548,5.353464402124679,3.824058022318311,-2.653497312320059,0.5133244441290863,-0.3244803846383259,0.8825763558214983,2.9456912741834937,0.3511963187421762,2.540353836063345,0.961666685073732,0.5647986776792902,3.480288416299194,0.9553131963132544,0.4315441726732094,2.1427076635558127,0.0,3.601621607410693,1.8197347444863232,1.2334992355717955,2.7084262148907734,0.116599045193334,2.7471560393781305,1.880267390051783,2.018940306376641,1.4820726892983704,-2.8274289701054567,3.315092736684555,-1.6443615324303162,0.6341081614962274,2.003754116999624,5.351931384559348,0.7362627611856631,3.575183915456127,1.0171263867771851,-0.1979883342548105,0.8783717839956084,1.086535031150272,0.3750656859376322,-0.935116822591766,0.8534773105786442,-0.6818181818181857,4.269731982694944,0.4219375385570445,0.9553131963132544,0.4014725778349515,2.457499478840943,0.7216372973552121,0.1829191272177044,0.4542176460854974,4.016356563500527,0.788293997984284,1.3354543740573144,0.4054054054054068,1.7347802703954762,0.1269682411486872,0.4921476895250376,1720.0,1563.0,3121.0,992.0,2876.0,1132.0,1002.0,2144.0,3126.0,4924.0,6607.0,4095.0,9972.0,7641.0,2564.0,12992.0,2966.0,3028.0,4580.0,2373.0,1626.0,1222.0,1889.0,1905.0,11731.0,5469.0,3317.0,4548.0,1421.0,1061.0,5454.0,1194.0,825.0,2162.0,4195.0,1579.0,7176.0,4258.0,13336.0,1239.0,1334.0,1317.0,7857.0,21154.0,3749.0,4334.0,975.0,4564.0,2940.0,1476.0,6450.0,3854.0,824.0,2069.0,5633.0,6233.0,1044.0,3342.0,1027.0,1606.0,13473.0,3129.0,1282.0,2705.0,10514.0,3783.0,2626.0,714.0,1207.0,3739.0,3038.0,4319.0,5579.0,879.0,3297.0,4218.0,7306.0,10301.0,1518.0,6620.0,2053.0,1063.0,2084.0,1647.0,3448.0,3868.0,545.0,484.0,3263.0,3030.0,21147.0,1150.0,2997.0,3734.0,1097.0,7203.0,4610.0,1155.0,2224.0,8733.0,9094.0,8278.0,10864.0,2707.0,2657.0,3108.0,4520.0,5511.0,1168.0,12437.0,1952.0,1637.0,947.0,2767.0,3359.0,1059.0,1593.0,1445.0,5404.0,8400.0,2545.0,0.0,1433.0,1893.0,10519.0,6446.0,3783.0,5271.0,774.0,3712.0,4069.0,12640.0,3009.0,5458.0,13000.0,10296.0,8342.0,3093.0,4015.0,1175.0,1609.0,3975.0,5511.0,6403.0
29,2018-05-08,2.207615480171892,2.0018411713882287,0.0442458266937306,3.7285432966611607,2.490502636265174,1.205429280322465,0.3967498670937153,-0.7974322383223198,0.153504016568774,0.3714194414071037,3.0701200492937977,3.172980077765323,3.29445101126311,3.323335074446596,0.2927153267567561,1.340473499713538,0.9394117759826436,0.1449453978574988,1.360666715436083,1.0552145490999942,3.4497313622758305,3.3490788612281164,1.0431007701321915,-0.9881682833295736,-4.440892098500626e-15,2.9583318854848395,1.327200438558983,0.697756169811693,-0.4938180257637725,1.0969630728060298,1.5406474631966127,-0.356771161539644,1.527781643870144,0.8390894748728361,3.5744811847954585,0.8003956819061531,3.148745275153686,0.4086767305861538,4.2521672966819954,0.8423017730282667,0.9246848370788197,3.151671784527552,3.667554457929386,0.010585091927715,2.695300165505876,2.0993072495120204,1.0264898794257338,0.3571428571428592,0.5269766453322,0.0315794492678978,2.5577921550613514,1.079642928591652,2.726133552096904,1.0565703998876042,0.0554668111166467,0.302973062894406,0.0181176531199311,2.10526315789474,-0.5799761025504746,3.433800043846417,0.8786567751786845,2.533789407554119,0.7198899908059653,-0.7275862270842137,5.234169488901496,0.8087859321059754,3.7429845468452574,0.0048531947436292,0.0366063750019007,1.839155038795358,-0.621597782586063,1.9360877523409337,4.550372901524159,0.5754446521516599,7.061019625535758,2.399865719041342,0.549315810508747,1.0264898794257338,0.5470038391197485,3.917490097977905,0.4284689283920839,0.2325581395348852,2.63487968623846,6.108912078971338,0.552255575286339,-0.0794234215605205,1.772641375867181,1.5773325942681649,3.840759923445387,0.6806599161051308,1961.0,1690.0,3315.0,1160.0,3077.0,1126.0,1024.0,2229.0,3233.0,5112.0,6993.0,4347.0,10252.0,8468.0,2734.0,13296.0,3076.0,3137.0,4768.0,2555.0,1622.0,1182.0,2027.0,1936.0,12867.0,5668.0,3343.0,4811.0,1509.0,1134.0,5813.0,1153.0,860.0,2171.0,4436.0,2248.0,7498.0,4528.0,14264.0,1253.0,1394.0,1366.0,8578.0,22334.0,3642.0,4411.0,1106.0,4883.0,3050.0,1645.0,6695.0,3980.0,861.0,2328.0,5983.0,6591.0,1044.0,3488.0,915.0,1705.0,14314.0,3318.0,1341.0,2894.0,11587.0,3866.0,2706.0,707.0,1329.0,3884.0,3123.0,4825.0,5716.0,882.0,3456.0,4476.0,7708.0,10681.0,1597.0,7071.0,2128.0,1022.0,2255.0,1751.0,3610.0,3990.0,559.0,536.0,3322.0,3260.0,22853.0,1252.0,3452.0,3977.0,1151.0,7428.0,4832.0,1216.0,2300.0,9000.0,9043.0,8619.0,11598.0,2869.0,2826.0,3370.0,4700.0,5855.0,946.0,11207.0,1983.0,1710.0,1017.0,2965.0,3508.0,1111.0,1717.0,1436.0,5538.0,8314.0,2592.0,0.0,1556.0,2020.0,11182.0,7005.0,4097.0,5550.0,848.0,4014.0,5351.0,14118.0,3259.0,5311.0,13524.0,10630.0,8614.0,3210.0,4197.0,1231.0,1705.0,4042.0,5771.0,6677.0
30,2018-05-09,-0.1200576813108034,0.8813514350152507,3.485355607578101,0.7402915836577728,3.555793259385748,0.0818423178811766,0.3340377913272896,5.428347663443249,1.5895826168832838,3.364421032778254,-0.916528580310263,2.9453528214597933,3.221521430408947,2.5005845124915904,2.182328341704899,1.4168397115981657,1.337768498541797,2.725794054987051,1.5136633415035494,0.6653796874788787,5.062838762023114,0.4742195742878352,1.2438246438390266,4.526714414617644,0.0232002150263832,2.4685073647226954,1.727093854281515,0.6740002308269466,-0.1720298037010414,0.0093535058749494,2.907032922681587,-0.787122079839877,2.0275752061349217,0.1543613939096455,0.2001242012552462,-0.3999827964388713,4.931612946172851,0.3289892521439508,2.119082918253329,0.8205746954687587,0.900575952854582,1.126213101510839,-1.702862226940982,1.4098224384967473,3.1590906311880405,1.3072599483533254,0.9962787292978824,2.6457501280081908,0.4255042190241331,0.0770528567981188,-0.8365455586847004,0.4143497717112965,0.7306379530468265,3.1050078324735697,1.7122756198130429,0.2622694930349512,1.43739105795073,0.5879896874803525,2.6319665352134693,2.942771580044532,0.8821102596648356,2.6008190613906503,0.8925397365579701,-0.2474432035782259,4.226434704974395,0.0021511422273823,3.0944089429236743,-0.3308304246105198,1.5826798470417405,-0.5383801487492446,5.67956293954361,0.6715921053636753,5.712110342823435,0.4839429994402844,3.637265959846603,-0.5677169173584939,2.382093657149389,0.9962787292978824,0.4191496690901752,1.2462076432178717,0.7085894730777575,0.285488038676337,0.6528468125385756,0.9032531881429784,1.6871576685730172,1.2682046619309462,1.0241380338154538,-0.5320111464401989,-6.661338147750939e-15,3.6644995228528487,1758.0,1602.0,3144.0,1106.0,,1086.0,909.0,2127.0,3058.0,4920.0,6685.0,,,,2638.0,11931.0,,3069.0,4564.0,2533.0,1640.0,1115.0,1922.0,1904.0,12327.0,5647.0,3287.0,4628.0,,1058.0,5723.0,1184.0,,1979.0,4177.0,2380.0,7327.0,4563.0,13527.0,1227.0,1325.0,1258.0,,,3758.0,4372.0,,4714.0,2990.0,1521.0,6764.0,3805.0,,2254.0,5788.0,,994.0,3494.0,,1649.0,,3211.0,1259.0,,11004.0,3706.0,2676.0,604.0,1386.0,,3073.0,4783.0,5546.0,809.0,3461.0,,7802.0,,1587.0,6836.0,2068.0,1093.0,2151.0,1671.0,3498.0,3887.0,532.0,500.0,3432.0,3290.0,,1127.0,3092.0,3857.0,1395.0,7440.0,4735.0,,2151.0,8902.0,,8845.0,,2801.0,2722.0,3266.0,4535.0,5809.0,968.0,10522.0,1905.0,,,2882.0,3261.0,1088.0,,,,,2702.0,0.0,1380.0,,10748.0,7031.0,3734.0,,794.0,,4918.0,13117.0,3236.0,5746.0,13399.0,10261.0,8431.0,3164.0,4185.0,1131.0,1723.0,3821.0,5563.0,6356.0
